state,subregion,month,avg_max_temp,avg_min_temp,avg_dew_temp,elevation_(m),wind_speed_(m/s),latitude,sunshine,longitude,accumulated_liquid_precipitation_(mm),stations
AL,none,1,12.4140552995392,1.67557603686636,1.82115015360983,120.571428571429,3.06410330261137,32.6225714285714,5.38940092165899,86.5964285714285,71.5714285714286,14
AL,none,2,15.3808673469388,4.02525510204082,3.58174957482993,120.571428571429,3.49161352040816,32.6225714285714,5.48724489795918,86.5964285714285,83.7142857142857,14
AL,none,3,19.1486175115207,7.24400921658986,6.44500768049155,120.571428571429,3.53883448540707,32.6225714285714,7.036866359447,86.5964285714285,109.5,14
AL,none,4,23.9785714285714,11.0652380952381,10.4231448412698,120.571428571429,3.15589285714286,32.6225714285714,8.35714285714286,86.5964285714285,243.642857142857,14
AL,none,5,27.9168202764977,16.7811059907834,16.4948924731183,120.571428571429,2.8269297235023,32.6225714285714,8.18433179723502,86.5964285714285,74.7857142857143,14
AL,none,6,30.3111904761905,19.925,19.6340079365079,120.571428571429,2.35143849206349,32.6225714285714,9.06428571428571,86.5964285714285,84.2142857142857,14
AL,none,7,31.6352534562212,21.8875576036866,21.8955933179724,120.571428571429,2.1866935483871,32.6225714285714,8.63594470046083,86.5964285714285,161.642857142857,14
AL,none,8,30.9995391705069,21.0986175115207,20.7243951612903,120.571428571429,2.24290514592934,32.6225714285714,8.59677419354839,86.5964285714285,94.1428571428571,14
AL,none,9,29.3330952380952,18.7735714285714,18.1560515873016,120.571428571429,2.75201388888889,32.6225714285714,7.80238095238095,86.5964285714285,74.9285714285714,14
AL,none,10,23.8403225806452,11.3147465437788,11.2277553763441,120.571428571429,2.69651497695852,32.6225714285714,7.80414746543779,86.5964285714285,50.0,14
AL,none,11,19.4366666666667,7.46761904761905,7.86277777777778,120.571428571429,3.03149801587302,32.6225714285714,6.30714285714286,86.5964285714285,82.5,14
AL,none,12,13.6566820276498,2.30092165898618,1.93629032258065,120.571428571429,3.1027841781874,32.6225714285714,5.58064516129032,86.5964285714285,100.214285714286,14
AR,none,1,8.39551971326165,-1.29318996415771,-1.51232825567503,213.722222222222,3.56659946236559,35.3472222222222,4.89964157706093,92.8936111111111,41.0,18
AR,none,2,11.5410714285714,0.626785714285714,-0.133407738095238,213.722222222222,3.62833994708995,35.3472222222222,5.48809523809524,92.8936111111111,48.6111111111111,18
AR,none,3,15.1301075268817,3.85017921146953,2.36922789725209,213.722222222222,3.87839008363202,35.3472222222222,6.58960573476703,92.8936111111111,56.8333333333333,18
AR,none,4,21.68,10.1388888888889,8.44923611111111,213.722222222222,3.83138117283951,35.3472222222222,7.76296296296296,92.8936111111111,73.5555555555556,18
AR,none,5,25.8958781362007,15.2259856630824,14.8206914575866,213.722222222222,3.11299283154122,35.3472222222222,8.37455197132616,92.8936111111111,154.333333333333,18
AR,none,6,29.8103703703704,19.1594444444444,18.7911188271605,213.722222222222,2.68939814814815,35.3472222222222,9.48333333333333,92.8936111111111,157.388888888889,18
AR,none,7,32.0327956989247,21.5568100358423,20.7385304659498,213.722222222222,2.50510005973716,35.3472222222222,10.7329749103943,92.8936111111111,91.2222222222222,18
AR,none,8,32.991935483871,20.9406810035842,19.3513440860215,213.722222222222,2.35106033452808,35.3472222222222,10.578853046595,92.8936111111111,28.8333333333333,18
AR,none,9,30.1905555555556,18.3261111111111,17.2363271604938,213.722222222222,2.59719907407407,35.3472222222222,8.67222222222222,92.8936111111111,114.277777777778,18
AR,none,10,21.7752688172043,10.4365591397849,10.2079749103943,213.722222222222,2.70806451612903,35.3472222222222,6.23835125448029,92.8936111111111,70.6111111111111,18
AR,none,11,15.8590740740741,4.93148148148148,4.50863425925926,213.722222222222,3.33514660493827,35.3472222222222,5.81296296296296,92.8936111111111,42.5555555555556,18
AR,none,12,9.62114695340502,-0.841039426523297,-1.62143070489845,213.722222222222,3.47571684587814,35.3472222222222,5.75627240143369,92.8936111111111,44.7222222222222,18
AZ,none,1,20.03,6.9,-0.437150537634408,468.8,2.50762096774194,32.9684,8.89354838709678,112.085,7.5,10
AZ,none,2,19.5842857142857,7.34571428571428,1.14876488095238,468.8,2.90927083333333,32.9684,8.47142857142857,112.085,19.7,10
AZ,none,3,23.0170967741936,9.88096774193548,1.68236559139785,468.8,3.13197580645161,32.9684,8.8741935483871,112.085,22.4,10
AZ,none,4,29.4003333333333,14.0666666666667,-0.590388888888889,468.8,3.35752777777778,32.9684,11.6133333333333,112.085,3.3,10
AZ,none,5,33.7977419354839,17.8867741935484,0.163790322580645,468.8,3.29680107526882,32.9684,12.0967741935484,112.085,0.8,10
AZ,none,6,38.7786666666667,22.941,3.29825,468.8,3.17738888888889,32.9684,12.77,112.085,1.1,10
AZ,none,7,39.8638709677419,26.2525806451613,12.0241129032258,468.8,3.59353494623656,32.9684,11.4096774193548,112.085,17.6,10
AZ,none,8,38.8529032258065,25.8690322580645,13.232876344086,468.8,3.14372311827957,32.9684,10.9548387096774,112.085,22.9,10
AZ,none,9,36.56,23.1363333333333,9.92322222222222,468.8,3.051125,32.9684,10.7266666666667,112.085,11.8,10
AZ,none,10,28.9793548387097,15.6025806451613,5.25842741935484,468.8,2.88782258064516,32.9684,9.75161290322581,112.085,10.4,10
AZ,none,11,23.449,10.0803333333333,1.18536111111111,468.8,2.74331944444444,32.9684,9.06,112.085,5.4,10
AZ,none,12,18.8122580645161,5.58225806451613,-1.82244623655914,468.8,2.43748655913978,32.9684,8.01612903225807,112.085,6.7,10
CA,none,1,15.7381800674049,4.99807414540202,3.57814957470711,141.328358208955,2.49685644358851,35.8818358208955,6.3736157920077,119.553492537313,28.3731343283582,67
CA,none,2,16.6664179104478,6.33150319829424,4.23347992181948,141.328358208955,2.94620646766169,35.8818358208955,6.88379530916844,119.553492537313,49.8507462686567,67
CA,none,3,19.0858931150698,7.99918151179586,6.20973760231103,141.328358208955,3.20929626063232,35.8818358208955,8.33846894559461,119.553492537313,27.3880597014925,67
CA,none,4,21.577960199005,9.48935323383084,6.36502487562189,141.328358208955,3.54695688225539,35.8818358208955,10.0686567164179,119.553492537313,17.6716417910448,67
CA,none,5,24.5966297544535,12.3030332209918,8.33434440699727,141.328358208955,3.74227050232707,35.8818358208955,11.0890707751565,119.553492537313,11.2089552238806,67
CA,none,6,27.7481592039801,14.7499004975124,10.3016480099502,141.328358208955,3.76625,35.8818358208955,11.7706467661692,119.553492537313,7.76119402985075,67
CA,none,7,29.5770823302841,16.7760231102552,12.4056210881078,141.328358208955,3.41947921681913,35.8818358208955,11.7438613384689,119.553492537313,6.86567164179105,67
CA,none,8,30.0829080404429,16.5961001444391,12.5245044936607,141.328358208955,3.24910126785428,35.8818358208955,11.3336543090997,119.553492537313,4.80597014925373,67
CA,none,9,28.6928358208955,15.1421890547264,11.2472388059701,141.328358208955,2.92362769485904,35.8818358208955,10.0378109452736,119.553492537313,12.8358208955224,67
CA,none,10,23.4595570534425,11.3949446316803,8.45246549510512,141.328358208955,2.74467380837747,35.8818358208955,8.12421762156957,119.553492537313,19.0597014925373,67
CA,none,11,19.2010945273632,7.34761194029851,4.82015132669984,141.328358208955,2.44980306799337,35.8818358208955,7.68955223880597,119.553492537313,24.8059701492537,67
CA,none,12,16.4411651420318,5.11386615310544,3.09143596533462,141.328358208955,2.48056892954582,35.8818358208955,7.02696196437169,119.553492537313,44.1492537313433,67
CT,none,1,0.926728110599078,-7.03917050691244,-8.73010752688172,60.5714285714286,4.0777841781874,41.4712857142857,5.30414746543779,72.8617142857143,43.7142857142857,7
CT,none,2,3.5234693877551,-5.03010204081633,-7.15595238095238,60.5714285714286,4.1203018707483,41.4712857142857,5.1734693877551,72.8617142857143,11.8571428571429,7
CT,none,3,7.94884792626728,-1.00460829493088,-2.48590629800307,60.5714285714286,4.04848310291859,41.4712857142857,5.90783410138249,72.8617142857143,116.571428571429,7
CT,none,4,14.2814285714286,4.22095238095238,1.8569246031746,60.5714285714286,3.80005952380952,41.4712857142857,6.7,72.8617142857143,44.8571428571429,7
CT,none,5,19.3691244239631,8.65714285714286,7.79606374807988,60.5714285714286,3.65226574500768,41.4712857142857,7.6036866359447,72.8617142857143,45.2857142857143,7
CT,none,6,24.2533333333333,14.3528571428571,13.986746031746,60.5714285714286,3.21146825396825,41.4712857142857,8.60952380952381,72.8617142857143,110.571428571429,7
CT,none,7,26.6668202764977,16.9967741935484,16.5642281105991,60.5714285714286,3.21038786482335,41.4712857142857,9.2442396313364,72.8617142857143,55.4285714285714,7
CT,none,8,26.3142857142857,16.7566820276498,16.1735983102919,60.5714285714286,2.89151305683564,41.4712857142857,7.74193548387097,72.8617142857143,71.1428571428571,7
CT,none,9,22.1980952380952,12.9280952380952,13.7846626984127,60.5714285714286,3.30845238095238,41.4712857142857,6.6952380952381,72.8617142857143,92.0,7
CT,none,10,16.1917050691244,6.93778801843318,6.94431643625192,60.5714285714286,3.55048003072197,41.4712857142857,5.63133640552995,72.8617142857143,24.4285714285714,7
CT,none,11,12.212380952381,2.82952380952381,1.68222222222222,60.5714285714286,3.76198412698413,41.4712857142857,5.67619047619048,72.8617142857143,22.4285714285714,7
CT,none,12,5.24976958525346,-2.57880184331797,-4.11703149001536,60.5714285714286,3.75681643625192,41.4712857142857,4.7557603686636,72.8617142857143,50.8571428571429,7
DE,none,1,3.11774193548387,-4.90483870967742,-5.48790322580645,15.0,4.6200940860215,39.4,5.66129032258065,75.5335,86.5,2
DE,none,2,6.05892857142857,-2.11607142857143,-3.84129464285714,15.0,4.55394345238095,39.4,5.80357142857143,75.5335,89.0,2
DE,none,3,10.8838709677419,0.212903225806452,-1.73743279569893,15.0,4.96861559139785,39.4,6.7741935483871,75.5335,85.5,2
DE,none,4,17.21,5.98166666666667,4.33222222222222,15.0,3.58041666666667,39.4,7.05,75.5335,49.5,2
DE,none,5,21.858064516129,10.9241935483871,9.51498655913979,15.0,4.3448252688172,39.4,7.66129032258065,75.5335,57.0,2
DE,none,6,27.7966666666667,17.1466666666667,16.0134722222222,15.0,3.355,39.4,9.13333333333333,75.5335,35.0,2
DE,none,7,29.5467741935484,20.1645161290323,19.56875,15.0,2.9942876344086,39.4,8.14516129032258,75.5335,86.5,2
DE,none,8,27.9483870967742,18.4903225806452,18.1097446236559,15.0,2.68837365591398,39.4,8.12903225806452,75.5335,51.5,2
DE,none,9,24.0666666666667,14.0333333333333,13.6618055555556,15.0,2.78458333333333,39.4,7.83333333333333,75.5335,74.0,2
DE,none,10,18.9693548387097,8.19193548387097,6.91552419354839,15.0,4.0429435483871,39.4,7.91935483870968,75.5335,20.5,2
DE,none,11,11.0233333333333,1.78,0.05125,15.0,4.22833333333333,39.4,4.31666666666667,75.5335,16.5,2
DE,none,12,6.84354838709677,-2.41612903225806,-3.79200268817204,15.0,4.59952956989247,39.4,5.32258064516129,75.5335,43.5,2
FL,north,1,18.7265850945495,7.48743047830923,7.99558769002596,17.6551724137931,3.36457638116426,29.2372068965517,7.27363737486096,83.0944137931035,64.8275862068966,29
FL,north,2,20.3467980295566,9.72918719211823,9.76358271756979,17.6551724137931,3.58547824302135,29.2372068965517,6.9987684729064,83.0944137931035,86.4137931034483,29
FL,north,3,22.6409343715239,12.1599555061179,11.7159251019651,17.6551724137931,4.07973674453096,29.2372068965517,7.65183537263626,83.0944137931035,195.172413793103,29
FL,north,4,25.9601149425287,15.2877011494253,14.5295929118774,17.6551724137931,3.71353448275862,29.2372068965517,8.95862068965517,83.0944137931035,56.7241379310345,29
FL,north,5,29.3829810901001,19.7450500556174,19.0859983314794,17.6551724137931,3.40369855394883,29.2372068965517,10.1612903225806,83.0944137931035,54.2068965517241,29
FL,north,6,30.9926436781609,22.3536781609195,21.7273563218391,17.6551724137931,2.97479885057471,29.2372068965517,8.57471264367816,83.0944137931035,223.448275862069,29
FL,north,7,32.1041156840934,23.5451612903226,23.2000185391175,17.6551724137931,2.73098813496478,29.2372068965517,8.97552836484983,83.0944137931035,188.241379310345,29
FL,north,8,31.5664071190211,23.0964404894327,22.7434881349648,17.6551724137931,2.79911012235818,29.2372068965517,8.48164627363737,83.0944137931035,150.0,29
FL,north,9,30.2887356321839,21.9432183908046,21.4061973180077,17.6551724137931,3.074219348659,29.2372068965517,7.77586206896552,83.0944137931035,160.551724137931,29
FL,north,10,27.2180200222469,17.6764182424917,17.0776696329255,17.6551724137931,3.49606970708194,29.2372068965517,7.69521690767519,83.0944137931035,59.3103448275862,29
FL,north,11,23.6575862068965,12.9627586206897,13.0820689655172,17.6551724137931,3.20866858237548,29.2372068965517,7.58275862068966,83.0944137931035,54.5172413793103,29
FL,north,12,19.6197997775306,9.05127919911012,9.39331201334817,17.6551724137931,3.281219873934,29.2372068965517,6.22691879866518,83.0944137931035,62.9310344827586,29
FL,south,1,23.5235732009926,14.690570719603,13.7678556658395,4.76923076923077,3.80981182795699,25.764,8.00992555831266,80.8986923076923,16.8461538461538,13
FL,south,2,24.4082417582418,15.4733516483517,14.3335622710623,4.76923076923077,4.08774038461539,25.764,8.06868131868132,80.8986923076923,26.2307692307692,13
FL,south,3,26.2687344913151,18.1890818858561,16.7268920595533,4.76923076923077,4.40403225806452,25.764,8.8287841191067,80.8986923076923,40.3846153846154,13
FL,south,4,27.6628205128205,19.3602564102564,17.469797008547,4.76923076923077,4.48869658119658,25.764,9.72564102564103,80.8986923076923,27.1538461538462,13
FL,south,5,30.1235732009926,22.5384615384615,20.1492349048801,4.76923076923077,3.72222911497105,25.764,10.0372208436725,80.8986923076923,50.6153846153846,13
FL,south,6,31.1317948717949,24.2276923076923,22.9466025641026,4.76923076923077,3.2213141025641,25.764,8.02564102564103,80.8986923076923,190.153846153846,13
FL,south,7,32.1320099255583,25.1339950372208,23.7763440860215,4.76923076923077,3.01000827129859,25.764,9.45161290322581,80.8986923076923,127.076923076923,13
FL,south,8,32.0153846153846,24.9325062034739,23.5775744416873,4.76923076923077,3.09354838709677,25.764,8.46401985111662,80.8986923076923,201.153846153846,13
FL,south,9,30.9807692307692,24.3584615384615,23.2161858974359,4.76923076923077,3.21154914529914,25.764,7.27948717948718,80.8986923076923,173.692307692308,13
FL,south,10,29.390570719603,22.3163771712159,20.7884201819686,4.76923076923077,3.68868899917287,25.764,8.07196029776675,80.8986923076923,72.5384615384615,13
FL,south,11,26.9466666666667,19.0464102564103,17.8733867521368,4.76923076923077,3.94679487179487,25.764,7.50512820512821,80.8986923076923,35.3846153846154,13
FL,south,12,24.0300248138958,15.6488833746898,15.0315446650124,4.76923076923077,3.64622622001654,25.764,7.1712158808933,80.8986923076923,26.0769230769231,13
GA,none,1,13.2755517826825,1.77996604414261,1.52069185059423,125.947368421053,3.07294850028297,32.5456315789474,6.00679117147708,83.3578947368421,50.9473684210526,19
GA,none,2,16.6413533834586,4.24567669172932,3.90897556390977,125.947368421053,3.43193922305764,32.5456315789474,6.3796992481203,83.3578947368421,68.2105263157895,19
GA,none,3,19.2577249575552,7.06672325976231,5.84139784946237,125.947368421053,3.54206989247312,32.5456315789474,7.05772495755518,83.3578947368421,108.0,19
GA,none,4,24.0554385964912,11.1510526315789,10.4917324561404,125.947368421053,3.27021929824561,32.5456315789474,8.2140350877193,83.3578947368421,79.3684210526316,19
GA,none,5,28.4317487266553,16.6959252971137,16.0687110922467,125.947368421053,2.82342246745897,32.5456315789474,9.03225806451613,83.3578947368421,80.8421052631579,19
GA,none,6,30.8987719298246,20.4914035087719,19.9777631578947,125.947368421053,2.35789473684211,32.5456315789474,8.73859649122807,83.3578947368421,118.368421052632,19
GA,none,7,32.2081494057725,22.2945670628183,21.6285229202037,125.947368421053,2.28348896434635,32.5456315789474,8.62648556876061,83.3578947368421,93.9473684210526,19
GA,none,8,31.6011884550085,21.7573853989813,21.1555107526882,125.947368421053,2.46542161856254,32.5456315789474,8.69949066213922,83.3578947368421,105.947368421053,19
GA,none,9,29.1950877192982,19.2066666666667,18.9983333333333,125.947368421053,2.53804093567252,32.5456315789474,7.18245614035088,83.3578947368421,99.1578947368421,19
GA,none,10,24.2312393887946,11.760441426146,11.6576188455008,125.947368421053,2.63711799660441,32.5456315789474,7.98811544991511,83.3578947368421,25.9473684210526,19
GA,none,11,18.8073684210526,6.8919298245614,7.19523391812865,125.947368421053,2.8047149122807,32.5456315789474,6.21228070175439,83.3578947368421,51.8947368421053,19
GA,none,12,13.6122241086587,2.12342954159593,2.10911856253537,125.947368421053,2.9008701188455,32.5456315789474,5.83531409168081,83.3578947368421,72.2631578947368,19
IA,none,1,-1.66484698097601,-10.2321753515302,-9.77676454370003,320.205128205128,4.34922456575682,41.9537948717949,4.24069478908188,93.5158461538462,11.1025641025641,39
IA,none,2,0.390934065934066,-8.82335164835165,-7.89803495115995,320.205128205128,4.38264270451771,41.9537948717949,5.20329670329671,93.5158461538462,3.35897435897436,39
IA,none,3,9.4818858560794,-1.22357320099256,-1.22399710504549,320.205128205128,4.90860559691205,41.9537948717949,6.58560794044665,93.5158461538462,15.0769230769231,39
IA,none,4,16.5044444444444,5.24222222222222,4.89990384615385,320.205128205128,5.29485042735043,41.9537948717949,6.70854700854701,93.5158461538462,33.7179487179487,39
IA,none,5,20.9267990074442,10.0738626964433,9.65559346567411,320.205128205128,4.70431486076647,41.9537948717949,7.40694789081886,93.5158461538462,41.2307692307692,39
IA,none,6,26.7252136752137,16.0866666666667,15.6258297720798,320.205128205128,3.86356481481481,41.9537948717949,8.72991452991453,93.5158461538462,32.1794871794872,39
IA,none,7,28.521670802316,17.8512820512821,18.3209505100634,320.205128205128,3.13990901571547,41.9537948717949,9.79156327543425,93.5158461538462,43.3846153846154,39
IA,none,8,28.2697270471464,17.4751861042184,18.1627067824649,320.205128205128,2.87151916184174,41.9537948717949,8.98180314309347,93.5158461538462,27.5897435897436,39
IA,none,9,25.6360683760684,12.5529914529915,12.9259544159544,320.205128205128,3.24440527065527,41.9537948717949,8.2974358974359,93.5158461538462,20.7179487179487,39
IA,none,10,17.2096774193548,5.2944582299421,4.8962400055142,320.205128205128,4.19457885304659,41.9537948717949,6.06699751861042,93.5158461538462,18.8205128205128,39
IA,none,11,7.1625641025641,-2.25017094017094,-2.27237535612536,320.205128205128,4.50695868945869,41.9537948717949,4.70940170940171,93.5158461538462,31.8717948717949,39
IA,none,12,-0.617700578990902,-8.71042183622829,-8.15465260545906,320.205128205128,4.31436448855804,41.9537948717949,4.01571546732837,93.5158461538462,2.48717948717949,39
ID,none,1,3.50193548387097,-3.29870967741935,-3.17551075268817,699.6,3.48161290322581,44.8874,3.81290322580645,116.5088,28.2,5
ID,none,2,5.81071428571429,-3.07285714285714,-3.11044642857143,699.6,3.20934523809524,44.8874,6.39285714285714,116.5088,12.4,5
ID,none,3,11.0903225806452,0.372258064516129,-1.72263440860215,699.6,3.75811827956989,44.8874,7.85806451612903,116.5088,22.4,5
ID,none,4,16.12,3.22866666666667,0.89525,699.6,3.70080555555556,44.8874,8.74666666666667,116.5088,9.4,5
ID,none,5,19.9735483870968,6.44516129032258,2.63271505376344,699.6,3.66311827956989,44.8874,9.88387096774194,116.5088,37.4,5
ID,none,6,26.654,11.348,5.50072222222222,699.6,3.35108333333333,44.8874,11.6866666666667,116.5088,28.4,5
ID,none,7,32.0561290322581,14.5741935483871,6.12666666666667,699.6,3.01443548387097,44.8874,12.8258064516129,116.5088,17.2,5
ID,none,8,30.778064516129,12.8683870967742,5.2758064516129,699.6,2.96922043010753,44.8874,11.941935483871,116.5088,3.4,5
ID,none,9,23.67,8.68733333333333,3.49827777777778,699.6,2.90444444444444,44.8874,9.42,116.5088,17.2,5
ID,none,10,16.0290322580645,3.22129032258065,1.39287634408602,699.6,2.70612903225806,44.8874,7.64516129032258,116.5088,196.0,5
ID,none,11,8.54666666666667,-0.678666666666667,-1.3295,699.6,2.9535,44.8874,4.52,116.5088,11.4,5
ID,none,12,2.87677419354839,-3.69161290322581,-3.94220430107527,699.6,3.05158602150538,44.8874,3.93548387096774,116.5088,31.8,5
IL,none,1,0.574872665534805,-7.70577249575552,-7.31486276174307,191.736842105263,4.54302490096208,40.3707894736842,4.66213921901528,89.1257368421053,43.0526315789474,19
IL,none,2,3.62312030075188,-5.93778195488722,-5.42444392230576,191.736842105263,4.84078164160401,40.3707894736842,5.36278195488722,89.1257368421053,26.5263157894737,19
IL,none,3,10.2624787775891,-0.407130730050934,-0.795048104131296,191.736842105263,4.7606324278438,40.3707894736842,6.00169779286927,89.1257368421053,22.9473684210526,19
IL,none,4,16.1961403508772,5.41385964912281,4.84316520467836,191.736842105263,4.84418859649123,40.3707894736842,6.28421052631579,89.1257368421053,68.6315789473684,19
IL,none,5,22.0178268251273,10.6409168081494,9.43553338992643,191.736842105263,4.13392048670062,40.3707894736842,7.58234295415959,89.1257368421053,86.9473684210526,19
IL,none,6,27.7521052631579,16.6614035087719,15.6708698830409,191.736842105263,3.29725877192982,40.3707894736842,9.74912280701754,89.1257368421053,46.2631578947368,19
IL,none,7,29.702376910017,18.5006791171477,17.9363044708546,191.736842105263,3.12292020373514,40.3707894736842,9.74872665534805,89.1257368421053,25.4210526315789,19
IL,none,8,28.7067911714771,17.6755517826825,18.0830008488964,191.736842105263,2.99383842671194,40.3707894736842,8.84040747028863,89.1257368421053,46.0526315789474,19
IL,none,9,25.5510526315789,13.2987719298246,13.4584283625731,191.736842105263,3.2091447368421,40.3707894736842,8.03859649122807,89.1257368421053,33.8421052631579,19
IL,none,10,17.7475382003396,6.42529711375212,5.88526457272213,191.736842105263,3.90749858517261,40.3707894736842,6.38200339558574,89.1257368421053,49.3684210526316,19
IL,none,11,10.9847368421053,1.2719298245614,1.11630847953216,191.736842105263,4.36516812865497,40.3707894736842,4.72456140350877,89.1257368421053,50.8421052631579,19
IL,none,12,1.95466893039049,-6.20152801358234,-5.72629456706282,191.736842105263,4.25923174872666,40.3707894736842,4.14770797962649,89.1257368421053,17.2631578947368,19
IN,none,1,1.73903225806452,-6.57,-5.90888440860215,216.3,4.64115591397849,39.86,4.00645161290323,86.4683,26.0,10
IN,none,2,3.70821428571429,-5.41928571428571,-5.25654761904762,216.3,4.77897321428571,39.86,4.05357142857143,86.4683,22.0,10
IN,none,3,10.8167741935484,0.429354838709677,0.267298387096774,216.3,4.61430107526882,39.86,6.00645161290323,86.4683,21.8,10
IN,none,4,17.264,5.91133333333333,4.80033333333333,216.3,4.803625,39.86,6.96,86.4683,65.7,10
IN,none,5,22.6845161290323,11.3709677419355,10.3026344086021,216.3,3.76686827956989,39.86,8.00645161290323,86.4683,31.2,10
IN,none,6,27.2533333333333,16.743,15.5859861111111,216.3,3.50047222222222,39.86,8.20666666666667,86.4683,41.3,10
IN,none,7,29.7358064516129,18.4558064516129,18.2008602150538,216.3,3.1423252688172,39.86,9.55161290322581,86.4683,48.9,10
IN,none,8,29.0003225806452,18.1109677419355,18.8808198924731,216.3,2.6392876344086,39.86,8.73225806451613,86.4683,64.7,10
IN,none,9,25.3026666666667,13.0033333333333,13.1959583333333,216.3,3.02966666666667,39.86,8.10333333333334,86.4683,149.9,10
IN,none,10,17.878064516129,6.88741935483871,6.57974462365591,216.3,3.59356182795699,39.86,6.18709677419355,86.4683,92.8,10
IN,none,11,11.2956666666667,2.31233333333333,2.34934722222222,216.3,4.33480555555555,39.86,4.16,86.4683,24.1,10
IN,none,12,3.04161290322581,-4.98064516129032,-4.21494623655914,216.3,4.5369623655914,39.86,3.49677419354839,86.4683,37.9,10
KS,east,1,4.63827956989247,-5.78408602150538,-5.38432795698925,372.733333333333,4.22841397849462,38.4922666666667,5.81720430107527,96.56,26.8666666666667,15
KS,east,2,7.64,-4.18309523809524,-4.29867063492063,372.733333333333,4.77680555555556,38.4922666666667,6.40952380952381,96.56,32.2,15
KS,east,3,13.5161290322581,1.34451612903226,0.494802867383512,372.733333333333,5.34598566308244,38.4922666666667,6.62365591397849,96.56,51.2,15
KS,east,4,19.1671111111111,7.25133333333333,6.77375,372.733333333333,5.41311111111111,38.4922666666667,7.18222222222222,96.56,90.1333333333333,15
KS,east,5,24.3735483870968,12.6978494623656,12.5538799283154,372.733333333333,4.64848566308244,38.4922666666667,8.46666666666667,96.56,132.6,15
KS,east,6,29.9855555555556,18.3457777777778,17.4021018518519,372.733333333333,4.61924074074074,38.4922666666667,9.91111111111111,96.56,119.133333333333,15
KS,east,7,32.2225806451613,20.4329032258064,18.7610394265233,372.733333333333,3.99257168458781,38.4922666666667,10.5720430107527,96.56,47.6666666666667,15
KS,east,8,31.6184946236559,19.7268817204301,18.4400268817204,372.733333333333,3.78889784946237,38.4922666666667,10.3247311827957,96.56,69.1333333333333,15
KS,east,9,28.3591111111111,15.7026666666667,14.5621388888889,372.733333333333,4.09265740740741,38.4922666666667,8.88,96.56,75.5333333333333,15
KS,east,10,20.2286021505376,7.84301075268817,6.90887096774193,372.733333333333,4.47224910394265,38.4922666666667,7.20860215053763,96.56,35.4666666666667,15
KS,east,11,14.2451111111111,1.44022222222222,0.617833333333333,372.733333333333,4.71035185185185,38.4922666666667,7.08888888888889,96.56,87.0,15
KS,east,12,4.81440860215054,-5.83720430107527,-5.64100358422939,372.733333333333,4.5038082437276,38.4922666666667,5.71612903225807,96.56,9.66666666666667,15
KS,west,1,5.0815668202765,-7.22304147465438,-6.41344086021505,711.571428571429,4.58596390168971,38.3141428571429,6.27649769585253,99.7764285714286,2.57142857142857,7
KS,west,2,8.45612244897959,-4.80510204081633,-4.50986394557823,711.571428571429,5.5671768707483,38.3141428571429,7.14795918367347,99.7764285714286,21.5714285714286,7
KS,west,3,12.247465437788,-2.85944700460829,-4.5275153609831,711.571428571429,6.24026497695852,38.3141428571429,7.59447004608295,99.7764285714286,15.5714285714286,7
KS,west,4,19.79,5.93333333333333,4.07734126984127,711.571428571429,6.51644841269841,38.3141428571429,8.57142857142857,99.7764285714286,34.2857142857143,7
KS,west,5,24.0589861751152,10.0147465437788,9.56273041474654,711.571428571429,5.6593509984639,38.3141428571429,9.96774193548387,99.7764285714286,70.4285714285714,7
KS,west,6,30.6804761904762,16.617619047619,14.2705555555556,711.571428571429,6.01684523809524,38.3141428571429,11.2714285714286,99.7764285714286,36.2857142857143,7
KS,west,7,33.7889400921659,19.4718894009217,16.2752496159754,711.571428571429,5.48268049155146,38.3141428571429,11.5668202764977,99.7764285714286,106.285714285714,7
KS,west,8,30.9391705069124,17.5304147465438,16.077841781874,711.571428571429,4.99527649769585,38.3141428571429,10.9354838709677,99.7764285714286,37.5714285714286,7
KS,west,9,27.5333333333333,13.28,12.5004166666667,711.571428571429,5.14023809523809,38.3141428571429,8.82380952380952,99.7764285714286,127.857142857143,7
KS,west,10,20.2852534562212,5.63640552995392,3.62908986175115,711.571428571429,5.40802611367127,38.3141428571429,8.12442396313364,99.7764285714286,7.42857142857143,7
KS,west,11,13.9571428571429,-0.542857142857143,-1.45426587301587,711.571428571429,5.12186507936508,38.3141428571429,6.82857142857143,99.7764285714286,23.1428571428571,7
KS,west,12,9.23179723502304,-4.98248847926267,-5.44763824884793,711.571428571429,4.58314132104455,38.3141428571429,6.87557603686636,99.7764285714286,152.0,7
KY,none,1,4.50591397849462,-4.4997311827957,-4.18146281362007,228.833333333333,3.71355286738351,37.7151666666667,4.0994623655914,85.75,61.5,12
KY,none,2,7.53422619047619,-2.03154761904762,-2.66070188492063,228.833333333333,3.80664682539683,37.7151666666667,5.15178571428571,85.75,44.8333333333333,12
KY,none,3,13.3206989247312,1.68010752688172,1.07623207885305,228.833333333333,3.65346102150538,37.7151666666667,5.84139784946237,85.75,75.9166666666667,12
KY,none,4,19.4044444444444,7.49333333333333,6.29140046296296,228.833333333333,3.92983796296296,37.7151666666667,7.01111111111111,85.75,103.666666666667,12
KY,none,5,24.4005376344086,13.2244623655914,12.6415546594982,228.833333333333,2.86446012544803,37.7151666666667,7.80376344086022,85.75,73.4166666666667,12
KY,none,6,28.1991666666667,17.7561111111111,17.6220717592593,228.833333333333,2.25951388888889,37.7151666666667,9.05555555555556,85.75,82.5,12
KY,none,7,30.3629032258064,19.8069892473118,19.4096550179211,228.833333333333,2.33310931899642,37.7151666666667,10.002688172043,85.75,67.25,12
KY,none,8,29.5153225806452,18.5061827956989,18.428853046595,228.833333333333,2.14033378136201,37.7151666666667,9.24731182795699,85.75,40.0833333333333,12
KY,none,9,26.5055555555555,13.8080555555556,13.6972685185185,228.833333333333,2.33331018518519,37.7151666666667,8.06666666666667,85.75,59.1666666666667,12
KY,none,10,20.0360215053763,8.5005376344086,8.37051971326165,228.833333333333,2.85512992831541,37.7151666666667,6.62903225806452,85.75,64.75,12
KY,none,11,14.6302777777778,3.3725,2.32528935185185,228.833333333333,3.42793981481482,37.7151666666667,5.26111111111111,85.75,34.5833333333333,12
KY,none,12,7.2516129032258,-1.52043010752688,-1.37680331541219,228.833333333333,3.28032034050179,37.7151666666667,3.7741935483871,85.75,58.6666666666667,12
LA,none,1,14.7491461100569,4.78576850094877,4.96457147375079,26.5294117647059,3.58975332068311,30.8245882352941,5.10815939278937,92.0597647058823,86.7058823529412,17
LA,none,2,17.677731092437,6.93172268907563,6.57946428571429,26.5294117647059,3.77798494397759,30.8245882352941,6.0,92.0597647058823,52.1176470588235,17
LA,none,3,20.265844402277,9.3146110056926,8.64545382669197,26.5294117647059,4.10433270082226,30.8245882352941,6.62618595825427,92.0597647058823,59.2941176470588,17
LA,none,4,24.673137254902,13.7437254901961,13.3987908496732,26.5294117647059,3.6428022875817,30.8245882352941,7.20392156862745,92.0597647058823,47.1176470588235,17
LA,none,5,28.6561669829222,18.7631878557875,18.7068864642631,26.5294117647059,3.03821948134092,30.8245882352941,8.28273244781784,92.0597647058823,91.7058823529412,17
LA,none,6,31.0854901960784,21.9176470588235,21.6100490196078,26.5294117647059,2.37386437908497,30.8245882352941,8.9843137254902,92.0597647058823,173.941176470588,17
LA,none,7,32.4411764705882,23.3941176470588,22.986756799494,26.5294117647059,2.10620651486401,30.8245882352941,9.42314990512334,92.0597647058823,85.4705882352941,17
LA,none,8,32.8436432637571,22.892789373814,22.3469797596458,26.5294117647059,2.24474225173941,30.8245882352941,9.1707779886148,92.0597647058823,162.176470588235,17
LA,none,9,30.9917647058824,19.8343137254902,19.1540522875817,26.5294117647059,2.60602941176471,30.8245882352941,8.79803921568627,92.0597647058823,93.1176470588235,17
LA,none,10,25.6609108159393,14.0620493358634,13.6780993042378,26.5294117647059,3.04184851359899,30.8245882352941,7.92979127134725,92.0597647058823,62.9411764705882,17
LA,none,11,21.1201960784314,10.1056862745098,10.1804411764706,26.5294117647059,3.18864379084967,30.8245882352941,6.33333333333333,92.0597647058823,89.2352941176471,17
LA,none,12,15.8170777988615,4.66034155597723,4.95587444655282,26.5294117647059,3.33376027830487,30.8245882352941,5.73624288425047,92.0597647058823,98.7058823529412,17
MA,none,1,1.49505376344086,-7.0352688172043,-7.88189068100358,61.6,4.49537634408602,42.0523333333333,4.81720430107527,71.1945333333333,130.4,15
MA,none,2,2.34619047619048,-5.7147619047619,-7.34624007936508,61.6,4.6027876984127,42.0523333333333,5.15952380952381,71.1945333333333,50.1333333333333,15
MA,none,3,8.5105376344086,-0.939784946236559,-2.01221326164875,61.6,4.61383512544803,42.0523333333333,6.53978494623656,71.1945333333333,81.8666666666667,15
MA,none,4,12.6046666666667,3.14422222222222,1.93675,61.6,4.46344444444444,42.0523333333333,6.42888888888889,71.1945333333333,75.5333333333333,15
MA,none,5,18.1963440860215,7.58537634408602,7.09966845878136,61.6,4.13116487455197,42.0523333333333,6.69032258064516,71.1945333333333,50.8,15
MA,none,6,22.4831111111111,12.9126666666667,13.2770185185185,61.6,3.6312962962963,42.0523333333333,7.27111111111111,71.1945333333333,127.666666666667,15
MA,none,7,25.9417204301075,16.341935483871,16.1320430107527,61.6,3.21716845878136,42.0523333333333,8.18064516129032,71.1945333333333,48.0666666666667,15
MA,none,8,26.1030107526882,16.1787096774194,16.5177956989247,61.6,3.23627240143369,42.0523333333333,8.27741935483871,71.1945333333333,73.3333333333333,15
MA,none,9,22.2151111111111,12.0502222222222,12.6756759259259,61.6,3.42339814814815,42.0523333333333,7.16666666666667,71.1945333333333,108.333333333333,15
MA,none,10,16.3468817204301,6.38967741935484,6.47602150537634,61.6,4.11933691756272,42.0523333333333,5.64731182795699,71.1945333333333,51.4,15
MA,none,11,11.0324444444444,2.03288888888889,1.217,61.6,4.14721296296296,42.0523333333333,4.86888888888889,71.1945333333333,59.0,15
MA,none,12,5.6589247311828,-2.49741935483871,-3.233270609319,61.6,4.59060035842294,42.0523333333333,3.90537634408602,71.1945333333333,202.133333333333,15
MD,none,1,6.01677419354839,-2.47741935483871,-3.74497311827957,76.0,3.91370967741936,38.8634,5.87741935483871,76.6434,101.8,5
MD,none,2,8.44785714285714,-1.02,-2.90877976190476,76.0,4.58529761904762,38.8634,5.05,76.6434,56.8,5
MD,none,3,12.6290322580645,2.30774193548387,0.349516129032258,76.0,4.22854838709677,38.8634,7.13548387096774,76.6434,153.2,5
MD,none,4,18.892,7.32866666666667,5.2795,76.0,3.92761111111111,38.8634,7.89333333333333,76.6434,66.6,5
MD,none,5,23.258064516129,12.0606451612903,11.5208064516129,76.0,3.61846774193548,38.8634,8.38064516129032,76.6434,73.0,5
MD,none,6,28.86,16.6073333333333,15.9311111111111,76.0,3.23119444444444,38.8634,9.21333333333333,76.6434,31.0,5
MD,none,7,30.3348387096774,20.4896774193548,19.3219086021505,76.0,2.8891935483871,38.8634,7.53548387096774,76.6434,106.0,5
MD,none,8,28.9483870967742,18.8406451612903,18.7326612903226,76.0,2.64725806451613,38.8634,8.27741935483871,76.6434,99.8,5
MD,none,9,24.6893333333333,14.7953333333333,15.2353055555556,76.0,3.33422222222222,38.8634,6.92,76.6434,127.2,5
MD,none,10,20.4316129032258,8.35354838709677,8.12583333333333,76.0,3.00123655913978,38.8634,7.47741935483871,76.6434,87.0,5
MD,none,11,14.8233333333333,3.57133333333333,2.93236111111111,76.0,3.87858333333333,38.8634,6.58,76.6434,41.2,5
MD,none,12,8.17870967741935,-0.867096774193549,-2.17021505376344,76.0,3.66768817204301,38.8634,4.91612903225806,76.6434,44.6,5
ME,none,1,-2.82430107526882,-11.9191397849462,-11.3222849462366,97.4,3.36741039426523,44.9156,4.47096774193548,69.1733333333333,33.5333333333333,15
ME,none,2,-2.30761904761905,-12.1195238095238,-12.3443253968254,97.4,3.39816468253968,44.9156,4.96666666666667,69.1733333333333,29.1333333333333,15
ME,none,3,4.04666666666667,-5.19784946236559,-6.05871863799283,97.4,3.59852150537634,44.9156,6.5010752688172,69.1733333333333,182.133333333333,15
ME,none,4,9.48088888888889,0.0308888888888888,-2.07522222222222,97.4,3.57505555555556,44.9156,6.63333333333333,69.1733333333333,75.6666666666667,15
ME,none,5,16.7415053763441,5.51440860215054,3.64567204301075,97.4,3.46612903225806,44.9156,8.09677419354839,69.1733333333333,60.4,15
ME,none,6,21.6268888888889,10.3735555555556,9.38107407407407,97.4,3.00738888888889,44.9156,8.15111111111111,69.1733333333333,107.533333333333,15
ME,none,7,24.6408602150538,13.9331182795699,13.925752688172,97.4,2.72801971326165,44.9156,8.96774193548387,69.1733333333333,45.0666666666667,15
ME,none,8,24.4554838709677,12.449247311828,13.0338082437276,97.4,2.64829749103943,44.9156,8.54193548387097,69.1733333333333,84.5333333333333,15
ME,none,9,20.3651111111111,8.81666666666667,9.80797222222222,97.4,2.98012962962963,44.9156,7.11111111111111,69.1733333333333,108.866666666667,15
ME,none,10,12.334623655914,2.92236559139785,2.83061827956989,97.4,3.37165770609319,44.9156,5.07311827956989,69.1733333333333,119.866666666667,15
ME,none,11,6.01177777777778,-2.02422222222222,-2.33655555555556,97.4,3.49618518518518,44.9156,4.39777777777778,69.1733333333333,48.6,15
ME,none,12,0.829247311827957,-7.5789247311828,-7.77155913978495,97.4,3.40850358422939,44.9156,4.2989247311828,69.1733333333333,30.8,15
MI,none,1,-2.53933402705515,-10.3341311134235,-9.68726586888658,247.096774193548,4.39267256330212,43.8715483870968,3.474505723205,85.0386129032258,34.9677419354839,31
MI,none,2,-0.668663594470046,-9.136866359447,-8.49448444700461,247.096774193548,4.26300403225806,43.8715483870968,5.03110599078341,85.0386129032258,8.29032258064516,31
MI,none,3,6.21248699271592,-3.68647242455775,-3.96107353451266,247.096774193548,4.22998612556365,43.8715483870968,6.38189386056191,85.0386129032258,21.0,31
MI,none,4,13.2033333333333,1.99967741935484,0.915071684587814,247.096774193548,4.39704749103943,43.8715483870968,6.80645161290323,85.0386129032258,45.1612903225806,31
MI,none,5,18.5042663891779,6.41925078043704,5.69278095733611,247.096774193548,3.82519077349983,43.8715483870968,8.2570239334027,85.0386129032258,101.806451612903,31
MI,none,6,24.9123655913978,12.8754838709677,12.7218100358423,247.096774193548,3.43758064516129,43.8715483870968,9.42258064516129,85.0386129032258,57.9677419354839,31
MI,none,7,27.0244536940687,15.3693028095734,15.2987643080125,247.096774193548,3.13645074575095,43.8715483870968,9.87304890738814,85.0386129032258,67.5161290322581,31
MI,none,8,25.5926118626431,14.5403746097815,15.1124046132501,247.096774193548,2.99373048907388,43.8715483870968,8.48907388137357,85.0386129032258,122.096774193548,31
MI,none,9,21.5343010752688,10.2397849462366,11.2715815412186,247.096774193548,3.31025537634409,43.8715483870968,7.19677419354839,85.0386129032258,39.4838709677419,31
MI,none,10,13.6014568158169,3.72445369406868,4.09761099549081,247.096774193548,3.85863250086715,43.8715483870968,4.58480749219563,85.0386129032258,67.3225806451613,31
MI,none,11,7.63989247311828,-0.10247311827957,-0.328158602150538,247.096774193548,4.2258288530466,43.8715483870968,3.41397849462365,85.0386129032258,70.5806451612903,31
MI,none,12,-0.0980228928199791,-6.87658688865765,-6.79211325008672,247.096774193548,4.2306581685744,43.8715483870968,3.03017689906348,85.0386129032258,60.2903225806452,31
MN,none,1,-6.59199522102748,-16.7253882915173,-14.4113575268817,349.351851851852,3.771067303863,45.9009444444444,3.92652329749104,94.1151481481481,1.85185185185185,54
MN,none,2,-3.46851851851852,-14.0003306878307,-12.3511050485009,349.351851851852,3.97192735890652,45.9009444444444,6.08796296296296,94.1151481481481,16.0740740740741,54
MN,none,3,3.25143369175627,-7.17903225806452,-6.63128733572282,349.351851851852,4.11908602150538,45.9009444444444,6.14097968936679,94.1151481481481,13.8148148148148,54
MN,none,4,13.1766666666667,1.4412962962963,0.34491512345679,349.351851851852,4.33441100823045,45.9009444444444,7.65987654320988,94.1151481481481,20.8518518518519,54
MN,none,5,18.2464157706093,6.45328554360813,5.269412086818,349.351851851852,4.19028773397053,45.9009444444444,7.74193548387097,94.1151481481481,85.462962962963,54
MN,none,6,23.9590740740741,12.3143827160494,12.3467849794239,349.351851851852,3.54990997942387,45.9009444444444,9.07592592592593,94.1151481481481,43.5925925925926,54
MN,none,7,26.1277777777778,15.1391278375149,15.7857676224612,349.351851851852,3.11574322978893,45.9009444444444,9.97132616487455,94.1151481481481,59.6481481481481,54
MN,none,8,25.6884707287933,13.8846475507766,14.9186827956989,349.351851851852,3.01582785742732,45.9009444444444,9.54898446833931,94.1151481481481,45.3148148148148,54
MN,none,9,21.5346296296296,9.8204938271605,10.4152340534979,349.351851851852,3.37471450617284,45.9009444444444,7.80123456790123,94.1151481481481,54.2962962962963,54
MN,none,10,10.7440262843489,1.51720430107527,1.8323675826364,349.351851851852,3.76275637196336,45.9009444444444,4.33333333333333,94.1151481481481,21.1666666666667,54
MN,none,11,3.84364197530864,-4.87561728395062,-4.62835905349794,349.351851851852,4.04072273662551,45.9009444444444,4.45308641975309,94.1151481481481,17.1111111111111,54
MN,none,12,-4.33566308243728,-13.3530465949821,-12.2399342891278,349.351851851852,3.85590651135006,45.9009444444444,3.86618876941458,94.1151481481481,15.6481481481481,54
MO,none,1,3.89032258064516,-5.07381404174573,-4.89878241619228,248.764705882353,4.23953984819734,38.3490588235294,5.07590132827325,92.3814705882353,56.8823529411765,17
MO,none,2,7.39180672268908,-2.97521008403361,-3.4765318627451,248.764705882353,4.48567051820728,38.3490588235294,5.19957983193277,92.3814705882353,38.2941176470588,17
MO,none,3,13.2679316888046,1.94459203036053,1.13271663504111,248.764705882353,4.65928209993675,38.3490588235294,6.74573055028463,92.3814705882353,90.9411764705882,17
MO,none,4,18.9617647058824,7.52470588235294,6.04692810457516,248.764705882353,4.65483660130719,38.3490588235294,7.13137254901961,92.3814705882353,98.1176470588235,17
MO,none,5,23.9624288425047,12.4045540796964,11.9236638203669,248.764705882353,3.58399746995572,38.3490588235294,8.7438330170778,92.3814705882353,118.588235294118,17
MO,none,6,28.8366666666667,18.046862745098,17.7035212418301,248.764705882353,3.13607843137255,38.3490588235294,10.078431372549,92.3814705882353,66.8235294117647,17
MO,none,7,31.2851992409867,20.3508538899431,19.4554316888046,248.764705882353,2.94637096774194,38.3490588235294,10.1783681214421,92.3814705882353,92.9411764705882,17
MO,none,8,30.6973434535104,19.7204933586338,19.2697580645161,248.764705882353,2.9812302340291,38.3490588235294,9.75901328273245,92.3814705882353,60.2941176470588,17
MO,none,9,26.4566666666667,14.4437254901961,13.9509558823529,248.764705882353,3.19419117647059,38.3490588235294,8.05098039215686,92.3814705882353,85.9411764705882,17
MO,none,10,20.2531309297913,8.02428842504744,7.70592188488299,248.764705882353,3.71072106261859,38.3490588235294,7.11385199240987,92.3814705882353,104.529411764706,17
MO,none,11,12.0543137254902,2.05470588235294,1.53262254901961,248.764705882353,4.04554738562091,38.3490588235294,5.33137254901961,92.3814705882353,74.0,17
MO,none,12,5.68368121442125,-3.36034155597723,-3.73273244781784,248.764705882353,3.94932795698925,38.3490588235294,4.70208728652751,92.3814705882353,87.6470588235294,17
MS,none,1,12.6069478908189,2.18263027295285,2.53569065343259,71.7692307692308,3.37336641852771,32.3603076923077,5.06699751861042,89.4884615384615,82.7692307692308,13
MS,none,2,16.1807692307692,4.80549450549451,4.73535943223443,71.7692307692308,3.434913003663,32.3603076923077,5.8956043956044,89.4884615384615,110.461538461538,13
MS,none,3,19.8642679900744,7.74267990074442,7.21436104218362,71.7692307692308,3.29697063688999,32.3603076923077,6.64516129032258,89.4884615384615,120.307692307692,13
MS,none,4,24.2458974358974,11.94,11.8694871794872,71.7692307692308,3.21433760683761,32.3603076923077,7.8,89.4884615384615,107.923076923077,13
MS,none,5,27.5863523573201,16.5665012406948,16.4576199338296,71.7692307692308,2.82575475599669,32.3603076923077,8.58560794044665,89.4884615384615,96.8461538461538,13
MS,none,6,30.9897435897436,20.6738461538462,20.4258226495727,71.7692307692308,1.96724358974359,32.3603076923077,9.25897435897436,89.4884615384615,91.3846153846154,13
MS,none,7,32.6861042183623,22.3161290322581,22.4569892473118,71.7692307692308,1.90438378825476,32.3603076923077,9.55334987593052,89.4884615384615,155.230769230769,13
MS,none,8,32.7,21.5168734491315,21.1731803143093,71.7692307692308,2.01000827129859,32.3603076923077,9.72456575682382,89.4884615384615,73.4615384615385,13
MS,none,9,30.2253846153846,18.3474358974359,18.0329487179487,71.7692307692308,2.39998931623932,32.3603076923077,8.54102564102564,89.4884615384615,109.692307692308,13
MS,none,10,24.5379652605459,11.005459057072,11.4727047146402,71.7692307692308,2.57174317617866,32.3603076923077,8.04218362282878,89.4884615384615,52.0769230769231,13
MS,none,11,18.7961538461538,6.51384615384615,7.29017094017094,71.7692307692308,2.91805555555556,32.3603076923077,6.34102564102564,89.4884615384615,152.0,13
MS,none,12,13.8699751861042,2.17295285359801,2.80372208436725,71.7692307692308,2.99864557485525,32.3603076923077,5.62034739454094,89.4884615384615,71.1538461538462,13
MT,none,1,-3.56008064516129,-13.7185483870968,-11.8763608870968,769.375,3.63461021505376,47.697125,4.10483870967742,108.089625,36.625,8
MT,none,2,0.617857142857143,-10.5455357142857,-9.53480282738095,769.375,3.54375,47.697125,6.18303571428571,108.089625,0.0,8
MT,none,3,3.13790322580645,-8.10967741935484,-8.00413306451613,769.375,4.16796034946237,47.697125,6.55241935483871,108.089625,2.75,8
MT,none,4,14.9566666666667,0.790416666666666,-1.10949652777778,769.375,4.67225694444444,47.697125,8.45,108.089625,8.0,8
MT,none,5,19.0306451612903,5.18588709677419,3.46241599462366,769.375,4.29240591397849,47.697125,8.73790322580645,108.089625,11.125,8
MT,none,6,23.6766666666667,9.5875,7.94572916666667,769.375,4.34965277777778,47.697125,10.2833333333333,108.089625,29.625,8
MT,none,7,29.0943548387097,12.8004032258065,9.92715053763441,769.375,3.52862903225806,47.697125,12.0564516129032,108.089625,28.625,8
MT,none,8,27.7693548387097,12.3495967741935,9.07770497311828,769.375,4.05112567204301,47.697125,10.9758064516129,108.089625,110.25,8
MT,none,9,21.9491666666667,6.10083333333333,4.07314236111111,769.375,3.71399305555556,47.697125,8.53333333333333,108.089625,6.25,8
MT,none,10,12.158064516129,-0.817338709677419,-1.02990591397849,769.375,3.54195228494624,47.697125,6.18548387096774,108.089625,124.0,8
MT,none,11,6.2625,-4.88,-4.69810763888889,769.375,3.68246527777778,47.697125,4.87083333333333,108.089625,0.0,8
MT,none,12,-1.72338709677419,-11.6165322580645,-10.2818380376344,769.375,3.8125,47.697125,3.57258064516129,108.089625,1.125,8
NC,none,1,10.3970674486803,-0.204692082111437,-0.974297409579668,112.136363636364,3.5223545943304,35.3818181818182,6.03079178885631,78.4219090909091,114.863636363636,22
NC,none,2,12.3511363636364,1.41136363636364,-0.228152056277056,112.136363636364,3.64727408008658,35.3818181818182,5.97727272727273,78.4219090909091,33.4545454545455,22
NC,none,3,15.8646627565982,4.61788856304985,2.54345063538612,112.136363636364,4.14621212121212,35.3818181818182,6.56158357771261,78.4219090909091,86.4090909090909,22
NC,none,4,21.7001515151515,9.38833333333333,7.08618686868687,112.136363636364,3.79496843434343,35.3818181818182,8.48181818181818,78.4219090909091,65.5454545454545,22
NC,none,5,25.6206744868035,14.1778592375367,13.1527003910068,112.136363636364,3.51563416422287,35.3818181818182,8.60117302052786,78.4219090909091,54.0909090909091,22
NC,none,6,29.3025757575758,19.135,18.5695517676768,112.136363636364,2.98032828282828,35.3818181818182,8.96666666666667,78.4219090909091,68.3181818181818,22
NC,none,7,31.1187683284458,21.358651026393,21.0375549853372,112.136363636364,2.67632575757576,35.3818181818182,8.81964809384164,78.4219090909091,91.9090909090909,22
NC,none,8,29.9475073313783,20.3439882697947,19.6586632453568,112.136363636364,2.71438782991202,35.3818181818182,8.5058651026393,78.4219090909091,88.3636363636364,22
NC,none,9,26.8634848484848,17.0625757575758,16.578869949495,112.136363636364,3.03054924242424,35.3818181818182,7.60909090909091,78.4219090909091,130.5,22
NC,none,10,22.2785923753666,10.3881231671554,10.5270527859238,112.136363636364,2.77146871945259,35.3818181818182,7.93255131964809,78.4219090909091,40.6363636363636,22
NC,none,11,17.1956060606061,5.51712121212121,5.24020202020202,112.136363636364,3.09143939393939,35.3818181818182,6.46363636363636,78.4219090909091,33.4090909090909,22
NC,none,12,12.258651026393,1.35718475073314,0.564699413489736,112.136363636364,3.29302908113392,35.3818181818182,6.10557184750733,78.4219090909091,31.2272727272727,22
ND,east,1,-8.99612903225806,-18.181935483871,-16.5658870967742,340.8,5.43043010752688,47.5768,4.35483870967742,97.8,1.4,5
ND,east,2,-4.70714285714286,-14.2371428571429,-12.2953273809524,340.8,5.11047619047619,47.5768,5.47142857142857,97.8,8.4,5
ND,east,3,-0.278064516129033,-8.17935483870968,-7.29387096774194,340.8,5.9514247311828,47.5768,4.16129032258065,97.8,11.8,5
ND,east,4,13.5606666666667,0.718666666666667,-0.331888888888889,340.8,5.24480555555555,47.5768,9.11333333333333,97.8,23.2,5
ND,east,5,18.5554838709677,5.68709677419355,4.09806451612903,340.8,5.11524193548387,47.5768,8.69677419354839,97.8,227.2,5
ND,east,6,24.0073333333333,12.798,12.0678611111111,340.8,4.676,47.5768,9.65333333333333,97.8,116.0,5
ND,east,7,26.0367741935484,14.5735483870968,14.3509139784946,340.8,4.22435483870968,47.5768,10.4387096774194,97.8,118.8,5
ND,east,8,26.4,13.6903225806452,14.1571774193548,340.8,4.0375,47.5768,10.2838709677419,97.8,45.2,5
ND,east,9,21.7773333333333,8.84666666666667,8.33555555555555,340.8,4.20761111111111,47.5768,8.14,97.8,40.6,5
ND,east,10,10.0483870967742,-0.75741935483871,-0.283736559139785,340.8,4.78327956989247,47.5768,4.92903225806452,97.8,51.6,5
ND,east,11,2.16666666666667,-5.896,-4.80911111111111,340.8,5.1295,47.5768,4.38,97.8,13.6,5
ND,east,12,-6.85225806451613,-15.4877419354839,-14.1945698924731,340.8,5.07693548387097,47.5768,3.47741935483871,97.8,10.0,5
ND,west,1,-6.89354838709677,-16.8909677419355,-14.496935483871,578.0,4.94938172043011,47.6908,4.69032258064516,101.9706,3.6,5
ND,west,2,-1.96785714285714,-11.9414285714286,-10.1913392857143,578.0,5.61589285714286,47.6908,5.80714285714286,101.9706,5.4,5
ND,west,3,2.54645161290323,-7.35548387096774,-6.37833333333333,578.0,5.61755376344086,47.6908,6.08387096774194,101.9706,11.4,5
ND,west,4,12.9266666666667,-0.262,-1.16658333333333,578.0,5.01486111111111,47.6908,8.5,101.9706,13.2,5
ND,west,5,19.4890322580645,5.83870967741935,5.39172043010753,578.0,4.97817204301075,47.6908,9.54838709677419,101.9706,72.6,5
ND,west,6,23.644,10.6166666666667,9.40811111111111,578.0,4.60825,47.6908,9.75333333333333,101.9706,41.0,5
ND,west,7,27.9432258064516,13.8516129032258,12.3358064516129,578.0,4.29206989247312,47.6908,11.4967741935484,101.9706,63.0,5
ND,west,8,27.6303225806452,12.5083870967742,11.5883064516129,578.0,4.47069892473118,47.6908,10.5612903225806,101.9706,38.8,5
ND,west,9,21.8346666666667,6.75466666666667,5.81202777777778,578.0,4.60455555555556,47.6908,8.66,101.9706,20.8,5
ND,west,10,13.5032258064516,0.830967741935484,0.419086021505376,578.0,5.30956989247312,47.6908,6.66451612903226,101.9706,10.2,5
ND,west,11,3.79533333333333,-6.78266666666667,-5.72127777777778,578.0,5.12497222222222,47.6908,5.15333333333333,101.9706,21.0,5
ND,west,12,-3.85483870967742,-14.3470967741935,-11.6912365591398,578.0,4.98766129032258,47.6908,4.41290322580645,101.9706,4.8,5
NE,east,1,-0.116129032258065,-10.6462365591398,-9.84233870967742,500.888888888889,4.6716472520908,41.2509444444444,5.05197132616488,97.5981666666667,28.1666666666667,18
NE,east,2,2.9640873015873,-8.04662698412698,-7.36856812169312,500.888888888889,4.75912698412698,41.2509444444444,5.96825396825397,97.5981666666667,18.1666666666667,18
NE,east,3,10.4082437275986,-2.17132616487455,-2.78325866188769,500.888888888889,5.16786887694146,41.2509444444444,6.92831541218638,97.5981666666667,25.0555555555556,18
NE,east,4,16.9435185185185,4.44203703703704,3.70842592592593,500.888888888889,5.54783950617284,41.2509444444444,7.37037037037037,97.5981666666667,44.4444444444444,18
NE,east,5,21.6385304659498,9.76451612903226,8.37836021505376,500.888888888889,4.98995669056153,41.2509444444444,8.47311827956989,97.5981666666667,62.1111111111111,18
NE,east,6,27.0235185185185,15.5507407407407,14.7957793209877,500.888888888889,4.61905864197531,41.2509444444444,9.47777777777778,97.5981666666667,100.222222222222,18
NE,east,7,30.3831541218638,18.3747311827957,17.3015158303465,500.888888888889,3.74958183990442,41.2509444444444,10.2096774193548,97.5981666666667,51.5555555555556,18
NE,east,8,28.7783154121864,16.9557347670251,17.0499029271207,500.888888888889,3.49168906810036,41.2509444444444,9.74372759856631,97.5981666666667,39.0555555555556,18
NE,east,9,25.4362962962963,12.1031481481482,11.5835802469136,500.888888888889,4.21073302469136,41.2509444444444,8.77222222222222,97.5981666666667,32.7777777777778,18
NE,east,10,17.4051971326165,4.38906810035842,3.77007168458781,500.888888888889,4.45353195937873,41.2509444444444,7.16666666666667,97.5981666666667,74.0,18
NE,east,11,7.965,-3.1137037037037,-3.25789351851852,500.888888888889,4.6404475308642,41.2509444444444,5.70925925925926,97.5981666666667,21.5,18
NE,east,12,2.04677419354839,-8.15573476702509,-8.00376344086022,500.888888888889,4.63004032258065,41.2509444444444,5.31899641577061,97.5981666666667,3.44444444444444,18
NE,west,1,5.18145161290323,-9.02903225806452,-7.73773521505376,855.0,3.91078629032258,41.17525,5.92741935483871,100.85425,2.0,4
NE,west,2,6.68303571428571,-7.42053571428572,-6.65784970238095,855.0,4.22589285714286,41.17525,7.54464285714286,100.85425,7.25,4
NE,west,3,11.0612903225806,-4.41854838709677,-4.43612231182796,855.0,5.15268817204301,41.17525,7.44354838709677,100.85425,84.75,4
NE,west,4,17.3891666666667,1.16583333333333,0.526354166666667,855.0,5.51236111111111,41.17525,8.71666666666667,100.85425,35.25,4
NE,west,5,22.5491935483871,8.15322580645161,6.12721774193548,855.0,4.65288978494624,41.17525,9.2741935483871,100.85425,20.5,4
NE,west,6,27.62,13.8491666666667,12.5040625,855.0,4.58177083333333,41.17525,10.825,100.85425,61.75,4
NE,west,7,32.2241935483871,16.6951612903226,14.9620295698925,855.0,3.9190188172043,41.17525,11.6290322580645,100.85425,74.25,4
NE,west,8,31.1532258064516,16.1241935483871,14.5056787634409,855.0,4.33249327956989,41.17525,10.0645161290323,100.85425,53.5,4
NE,west,9,25.7875,10.31,9.33600694444445,855.0,4.34555555555556,41.17525,9.00833333333333,100.85425,12.5,4
NE,west,10,18.2975806451613,2.74274193548387,2.29747983870968,855.0,4.56559139784946,41.17525,7.73387096774194,100.85425,20.5,4
NE,west,11,10.4983333333333,-3.59166666666667,-3.73131944444444,855.0,4.6209375,41.17525,6.575,100.85425,3.25,4
NE,west,12,6.15564516129032,-8.59596774193549,-7.9815188172043,855.0,3.76431451612903,41.17525,6.74193548387097,100.85425,1.5,4
NH,none,1,-1.05299539170507,-10.8815668202765,-10.8258256528418,151.428571428571,2.81211597542243,43.4141428571429,5.14746543778802,71.5595714285714,55.4285714285714,7
NH,none,2,0.385714285714286,-9.86632653061224,-10.0862882653061,151.428571428571,2.89009353741497,43.4141428571429,4.93877551020408,71.5595714285714,19.5714285714286,7
NH,none,3,6.11059907834101,-4.78986175115207,-5.72720814132104,151.428571428571,3.10746927803379,43.4141428571429,6.33179723502304,71.5595714285714,37.2857142857143,7
NH,none,4,12.2380952380952,0.584285714285714,-1.01615079365079,151.428571428571,2.99378968253968,43.4141428571429,6.75714285714286,71.5595714285714,83.4285714285714,7
NH,none,5,17.4299539170507,5.55253456221198,4.29923195084485,151.428571428571,2.89059139784946,43.4141428571429,7.26267281105991,71.5595714285714,159.571428571429,7
NH,none,6,24.6814285714286,12.352380952381,12.322619047619,151.428571428571,2.69714285714286,43.4141428571429,8.84285714285714,71.5595714285714,57.2857142857143,7
NH,none,7,26.510599078341,14.5377880184332,13.9848310291859,151.428571428571,2.10082565284178,43.4141428571429,9.08294930875576,71.5595714285714,14.4285714285714,7
NH,none,8,25.7396313364055,13.7861751152074,14.194297235023,151.428571428571,2.09642857142857,43.4141428571429,8.30875576036866,71.5595714285714,42.0,7
NH,none,9,22.2585714285714,10.05,11.5793452380952,151.428571428571,2.29821428571429,43.4141428571429,6.91428571428572,71.5595714285714,130.714285714286,7
NH,none,10,13.9981566820277,2.81566820276498,3.41290322580645,151.428571428571,2.55282258064516,43.4141428571429,5.37327188940092,71.5595714285714,50.1428571428571,7
NH,none,11,9.06619047619048,-0.640476190476191,-1.32019841269841,151.428571428571,3.05075396825397,43.4141428571429,4.31904761904762,71.5595714285714,64.8571428571429,7
NH,none,12,2.43225806451613,-6.36221198156682,-6.40168970814132,151.428571428571,2.61530337941628,43.4141428571429,4.49769585253456,71.5595714285714,47.4285714285714,7
NJ,none,1,3.80716845878136,-4.62688172043011,-6.62756869772999,26.7777777777778,4.44671445639188,40.0833333333333,5.69175627240143,74.5093333333333,48.7777777777778,9
NJ,none,2,6.35079365079365,-2.53531746031746,-4.77685185185185,26.7777777777778,3.97991071428571,40.0833333333333,6.03968253968254,74.5093333333333,22.0,9
NJ,none,3,10.4537634408602,0.298207885304659,-1.30790023894863,26.7777777777778,4.25540621266428,40.0833333333333,6.88530465949821,74.5093333333333,46.7777777777778,9
NJ,none,4,16.1588888888889,5.72148148148148,3.22827160493827,26.7777777777778,4.20819444444444,40.0833333333333,7.06666666666667,74.5093333333333,96.6666666666667,9
NJ,none,5,21.5362007168459,11.1931899641577,9.61048387096774,26.7777777777778,3.41686081242533,40.0833333333333,8.20430107526882,74.5093333333333,93.3333333333333,9
NJ,none,6,26.5322222222222,16.0566666666667,14.5477160493827,26.7777777777778,3.09751543209877,40.0833333333333,8.74074074074074,74.5093333333333,49.3333333333333,9
NJ,none,7,29.0433691756272,19.2483870967742,16.5708781362007,26.7777777777778,2.81442652329749,40.0833333333333,8.59139784946236,74.5093333333333,101.0,9
NJ,none,8,27.5670250896057,18.1845878136201,17.1436977299881,26.7777777777778,3.03322879330944,40.0833333333333,7.90681003584229,74.5093333333333,66.8888888888889,9
NJ,none,9,24.2133333333333,13.8596296296296,13.6305555555556,26.7777777777778,3.07101851851852,40.0833333333333,7.93333333333333,74.5093333333333,35.2222222222222,9
NJ,none,10,18.7189964157706,7.78243727598566,7.39071087216248,26.7777777777778,3.40574970131422,40.0833333333333,7.06451612903226,74.5093333333333,35.6666666666667,9
NJ,none,11,13.2825925925926,3.69,2.415,26.7777777777778,3.70467592592593,40.0833333333333,5.81481481481481,74.5093333333333,43.7777777777778,9
NJ,none,12,7.94623655913978,-0.869534050179211,-2.35168757467145,26.7777777777778,3.75942353643966,40.0833333333333,4.89964157706093,74.5093333333333,47.6666666666667,9
NM,none,1,11.2064516129032,-1.32258064516129,-3.27432795698925,985.0,4.09959677419355,32.333,6.61290322580645,104.267,3.0,1
NM,none,2,14.1142857142857,3.23214285714286,2.13705357142857,985.0,3.56755952380952,32.333,6.14285714285714,104.267,20.0,1
NM,none,3,20.2838709677419,3.19354838709677,-6.29153225806452,985.0,5.19717741935484,32.333,9.51612903225806,104.267,39.0,1
NM,none,4,23.1666666666667,9.53666666666667,4.10236111111111,985.0,4.39291666666667,32.333,9.06666666666667,104.267,78.0,1
NM,none,5,32.958064516129,15.6516129032258,3.9375,985.0,4.92137096774193,32.333,12.4838709677419,104.267,43.0,1
NM,none,6,33.62,20.0,14.1661111111111,985.0,3.98055555555555,32.333,9.03333333333333,104.267,77.0,1
NM,none,7,35.4709677419355,20.5225806451613,13.2228494623656,985.0,4.2885752688172,32.333,12.3548387096774,104.267,28.0,1
NM,none,8,35.158064516129,21.2516129032258,14.5432795698925,985.0,3.66827956989247,32.333,10.5161290322581,104.267,90.0,1
NM,none,9,29.39,16.38,12.7002777777778,985.0,3.78361111111111,32.333,8.3,104.267,68.0,1
NM,none,10,27.1387096774194,9.16129032258065,1.84623655913978,985.0,3.8380376344086,32.333,9.45161290322581,104.267,15.0,1
NM,none,11,23.3666666666667,4.86666666666667,-1.95111111111111,985.0,3.11486111111111,32.333,9.56666666666667,104.267,0.0,1
NM,none,12,13.2258064516129,0.245161290322581,-2.74771505376344,985.0,4.0008064516129,32.333,7.19354838709677,104.267,7.0,1
NV,none,1,13.5118279569892,2.89677419354839,-2.55201612903226,718.666666666667,3.32396953405018,36.321,7.16129032258065,115.401,10.6666666666667,3
NV,none,2,15.1916666666667,3.97142857142857,-3.80907738095238,718.666666666667,3.98348214285714,36.321,7.69047619047619,115.401,42.3333333333333,3
NV,none,3,19.8666666666667,7.24408602150537,-1.8758064516129,718.666666666667,4.9002688172043,36.321,9.25806451612903,115.401,13.6666666666667,3
NV,none,4,23.0388888888889,9.70666666666667,-3.62472222222222,718.666666666667,5.17361111111111,36.321,10.5888888888889,115.401,7.66666666666667,3
NV,none,5,32.1258064516129,17.3860215053763,0.145295698924731,718.666666666667,4.69032258064516,36.321,12.3548387096774,115.401,3.66666666666667,3
NV,none,6,37.1377777777778,21.8266666666667,2.48060185185185,718.666666666667,4.8625,36.321,12.9777777777778,115.401,0.0,3
NV,none,7,39.5795698924731,24.4516129032258,5.24332437275986,718.666666666667,3.51344086021505,36.321,12.6236559139785,115.401,12.6666666666667,3
NV,none,8,38.1333333333333,23.8924731182796,5.10743727598566,718.666666666667,4.14381720430108,36.321,12.3548387096774,115.401,4.0,3
NV,none,9,34.1622222222222,19.5744444444444,1.51060185185185,718.666666666667,3.89296296296296,36.321,11.0222222222222,115.401,2.66666666666667,3
NV,none,10,25.5666666666667,11.8322580645161,-0.101881720430107,718.666666666667,3.64395161290323,36.321,9.91397849462366,115.401,3.33333333333333,3
NV,none,11,17.6288888888889,5.68222222222222,-2.05768518518519,718.666666666667,3.39212962962963,36.321,8.6,115.401,23.6666666666667,3
NV,none,12,13.5247311827957,1.5989247311828,-5.23611111111111,718.666666666667,3.55627240143369,36.321,7.38709677419355,115.401,6.0,3
NY,none,1,0.311693548387097,-7.62365591397849,-7.86055107526882,174.708333333333,4.47157258064516,42.32775,4.49731182795699,75.1875,35.3333333333333,24
NY,none,2,1.75223214285714,-7.62797619047619,-8.24883432539683,174.708333333333,4.32899305555555,42.32775,5.22470238095238,75.1875,54.5416666666667,24
NY,none,3,7.60766129032258,-2.18158602150538,-3.05929099462366,174.708333333333,4.42609206989247,42.32775,5.91129032258065,75.1875,69.8333333333333,24
NY,none,4,14.0943055555556,3.32527777777778,1.63464699074074,174.708333333333,4.36799189814815,42.32775,6.51111111111111,75.1875,48.0416666666667,24
NY,none,5,19.1952956989247,8.17540322580645,7.04933355734767,174.708333333333,3.97435595878136,42.32775,7.46774193548387,75.1875,50.0833333333333,24
NY,none,6,24.4366666666667,13.9220833333333,13.6716030092593,174.708333333333,3.52049189814815,42.32775,8.38888888888889,75.1875,72.0,24
NY,none,7,27.132123655914,16.7927419354839,16.5226142473118,174.708333333333,3.18517025089606,42.32775,8.8239247311828,75.1875,57.25,24
NY,none,8,25.8860215053763,15.6908602150538,15.6139784946237,174.708333333333,3.16519937275986,42.32775,8.00806451612903,75.1875,57.1666666666667,24
NY,none,9,21.9306944444445,11.9283333333333,12.2092766203704,174.708333333333,3.39030671296296,42.32775,6.73888888888889,75.1875,89.8333333333333,24
NY,none,10,14.9775537634409,5.54112903225807,5.66348566308244,174.708333333333,3.7148689516129,42.32775,5.35215053763441,75.1875,44.0416666666667,24
NY,none,11,9.67277777777778,1.01291666666667,0.60453125,174.708333333333,4.09788194444444,42.32775,4.27222222222222,75.1875,43.5416666666667,24
NY,none,12,2.82002688172043,-4.61599462365591,-5.23720878136201,174.708333333333,4.54017697132616,42.32775,3.84677419354839,75.1875,45.6666666666667,24
OH,none,1,0.91985111662531,-6.76526054590571,-6.51269644334161,268.461538461538,4.64153225806452,40.5641538461539,3.66749379652605,82.7808461538462,41.3846153846154,13
OH,none,2,2.80604395604396,-5.90961538461538,-6.17578983516484,268.461538461538,4.94479166666667,40.5641538461539,4.28846153846154,82.7808461538462,21.0769230769231,13
OH,none,3,9.52555831265509,-0.789081885856079,-1.15056865177833,268.461538461538,4.5211435070306,40.5641538461539,5.55334987593052,82.7808461538462,34.1538461538462,13
OH,none,4,15.914358974359,4.88948717948718,3.84681623931624,268.461538461538,4.51994658119658,40.5641538461539,6.75128205128205,82.7808461538462,42.1538461538462,13
OH,none,5,21.0466501240695,9.94615384615385,9.04741521918941,268.461538461538,3.85875723738627,40.5641538461539,7.98759305210918,82.7808461538462,54.9230769230769,13
OH,none,6,25.5838461538462,14.9653846153846,14.7113461538462,268.461538461538,3.64568376068376,40.5641538461539,8.3948717948718,82.7808461538462,55.0,13
OH,none,7,28.433746898263,17.9645161290323,17.4088502894955,268.461538461538,2.96833126550868,40.5641538461539,9.09677419354839,82.7808461538462,56.3846153846154,13
OH,none,8,26.8114143920596,16.4925558312655,16.7171732837055,268.461538461538,3.20832299421009,40.5641538461539,7.3424317617866,82.7808461538462,36.1538461538462,13
OH,none,9,23.2189743589744,12.718717948718,12.9252991452991,268.461538461538,3.3805235042735,40.5641538461539,6.75897435897436,82.7808461538462,57.0769230769231,13
OH,none,10,16.1339950372208,6.13945409429281,5.66634615384615,268.461538461538,3.73492555831265,40.5641538461539,5.53349875930521,82.7808461538462,49.0,13
OH,none,11,10.734358974359,1.72717948717949,1.32895299145299,268.461538461538,4.53273504273504,40.5641538461539,3.93333333333333,82.7808461538462,23.4615384615385,13
OH,none,12,3.32679900744417,-4.10272952853598,-4.74860421836228,268.461538461538,4.52541356492969,40.5641538461539,2.87344913151365,82.7808461538462,32.3076923076923,13
OK,east,1,8.4663082437276,-2.98387096774194,-3.13113799283154,317.777777777778,4.25813918757467,35.9214444444444,6.30824372759857,96.9784444444444,42.6666666666667,9
OK,east,2,9.81071428571429,-1.59722222222222,-1.57876984126984,317.777777777778,4.4510085978836,35.9214444444444,5.79365079365079,96.9784444444444,49.0,9
OK,east,3,15.505017921147,3.3168458781362,2.02087813620072,317.777777777778,5.31928016726404,35.9214444444444,6.79569892473118,96.9784444444444,55.8888888888889,9
OK,east,4,22.7251851851852,9.35888888888889,7.24382716049383,317.777777777778,5.48791666666667,35.9214444444444,8.18888888888889,96.9784444444444,62.5555555555556,9
OK,east,5,26.4437275985663,14.8906810035842,14.4522849462366,317.777777777778,4.91987753882915,35.9214444444444,9.2652329749104,96.9784444444444,52.2222222222222,9
OK,east,6,30.837037037037,19.8592592592593,18.8059722222222,317.777777777778,3.85983024691358,35.9214444444444,10.8222222222222,96.9784444444444,87.4444444444444,9
OK,east,7,34.3329749103943,22.5189964157706,19.4766129032258,317.777777777778,3.75082138590203,35.9214444444444,10.7885304659498,96.9784444444444,53.8888888888889,9
OK,east,8,34.0813620071685,21.5655913978495,17.9695489844683,317.777777777778,3.8369623655914,35.9214444444444,10.2114695340502,96.9784444444444,25.5555555555556,9
OK,east,9,29.2566666666667,17.0359259259259,14.5016975308642,317.777777777778,3.99237654320988,35.9214444444444,8.95185185185185,96.9784444444444,62.8888888888889,9
OK,east,10,21.5885304659498,9.31003584229391,7.99435483870968,317.777777777778,4.25736260454002,35.9214444444444,7.38351254480287,96.9784444444444,61.6666666666667,9
OK,east,11,15.2918518518519,3.56481481481481,3.33032407407407,317.777777777778,4.18307098765432,35.9214444444444,6.14444444444444,96.9784444444444,38.7777777777778,9
OK,east,12,9.52222222222222,-2.16774193548387,-2.70288231780167,317.777777777778,4.23978494623656,35.9214444444444,6.18637992831541,96.9784444444444,13.7777777777778,9
OK,west,1,9.81666666666666,-2.74032258064516,-2.96518817204301,475.5,4.64397401433692,35.0833333333333,6.97311827956989,99.0168333333333,9.0,6
OK,west,2,11.6089285714286,-0.867261904761905,-0.60625,475.5,4.97743055555556,35.0833333333333,6.47023809523809,99.0168333333333,21.6666666666667,6
OK,west,3,16.8731182795699,2.96505376344086,1.42681451612903,475.5,5.9671146953405,35.0833333333333,8.17741935483871,99.0168333333333,49.5,6
OK,west,4,22.5533333333333,8.68055555555556,6.43726851851852,475.5,5.73217592592593,35.0833333333333,9.1,99.0168333333333,45.3333333333333,6
OK,west,5,28.7048387096774,15.1844086021505,14.5113575268817,475.5,4.95546594982079,35.0833333333333,9.76344086021505,99.0168333333333,114.333333333333,6
OK,west,6,33.3694444444444,19.9961111111111,17.1866203703704,475.5,5.77810185185185,35.0833333333333,11.4277777777778,99.0168333333333,85.5,6
OK,west,7,34.7231182795699,21.4715053763441,18.2303987455197,475.5,4.36749551971326,35.0833333333333,11.9354838709677,99.0168333333333,35.8333333333333,6
OK,west,8,35.2790322580645,21.4478494623656,17.1618055555556,475.5,4.48248207885305,35.0833333333333,11.1182795698925,99.0168333333333,31.8333333333333,6
OK,west,9,30.9016666666667,17.0033333333333,13.3500925925926,475.5,4.45194444444444,35.0833333333333,8.90555555555556,99.0168333333333,22.3333333333333,6
OK,west,10,23.3075268817204,10.05,8.3836917562724,475.5,5.18523745519713,35.0833333333333,8.36559139784946,99.0168333333333,52.3333333333333,6
OK,west,11,15.8638888888889,3.75777777777778,2.77423611111111,475.5,5.33409722222222,35.0833333333333,5.87777777777778,99.0168333333333,26.5,6
OK,west,12,11.1263440860215,-2.41290322580645,-2.62410394265233,475.5,4.66601702508961,35.0833333333333,6.58064516129032,99.0168333333333,18.5,6
OR,east,1,3.28548387096774,-2.76129032258065,-3.63931451612903,639.5,4.33212365591398,45.4915,3.90322580645161,118.4165,0.0,2
OR,east,2,6.25892857142857,-0.4375,-1.31681547619048,639.5,3.69174107142857,45.4915,5.60714285714286,118.4165,0.0,2
OR,east,3,11.2548387096774,1.21612903225806,-0.702083333333334,639.5,3.95194892473118,45.4915,7.25806451612903,118.4165,18.5,2
OR,east,4,15.1316666666667,3.49,1.83993055555556,639.5,4.01118055555555,45.4915,7.98333333333333,118.4165,23.0,2
OR,east,5,18.8387096774194,6.25967741935484,3.96935483870968,639.5,3.38125,45.4915,9.83870967741936,118.4165,0.0,2
OR,east,6,24.5683333333333,10.0333333333333,6.29243055555555,639.5,3.97541666666667,45.4915,12.2,118.4165,4.5,2
OR,east,7,28.8161290322581,11.9596774193548,5.48521505376344,639.5,3.03918010752688,45.4915,12.4838709677419,118.4165,4.5,2
OR,east,8,29.8774193548387,12.4709677419355,5.66888440860215,639.5,3.31182795698925,45.4915,11.9516129032258,118.4165,0.0,2
OR,east,9,24.4466666666667,9.93666666666667,5.68694444444444,639.5,2.818125,45.4915,9.7,118.4165,0.0,2
OR,east,10,16.2032258064516,4.62258064516129,1.76485215053763,639.5,3.75927419354839,45.4915,7.14516129032258,118.4165,11.5,2
OR,east,11,9.37333333333333,1.38833333333333,-0.829583333333333,639.5,3.92756944444444,45.4915,4.95,118.4165,10.5,2
OR,east,12,3.77096774193548,-1.85967741935484,-3.08104838709678,639.5,3.94408602150538,45.4915,3.2741935483871,118.4165,0.0,2
OR,west,1,8.50215053763441,1.69731182795699,2.00778449820789,173.166666666667,3.47064292114695,44.5505,3.46236559139785,122.953083333333,24.9166666666667,12
OR,west,2,10.675,2.63869047619048,2.52903025793651,173.166666666667,3.40257936507937,44.5505,4.78571428571429,122.953083333333,34.4166666666667,12
OR,west,3,13.422311827957,3.76612903225806,4.08349014336918,173.166666666667,3.00090725806452,44.5505,5.49731182795699,122.953083333333,51.3333333333333,12
OR,west,4,15.9716666666667,5.49694444444444,4.84648148148148,173.166666666667,2.9000462962963,44.5505,7.07777777777778,122.953083333333,24.0833333333333,12
OR,west,5,18.6524193548387,7.06129032258065,6.76784274193549,173.166666666667,2.99278673835125,44.5505,7.98387096774194,122.953083333333,12.75,12
OR,west,6,22.8522222222222,10.1786111111111,9.42770833333333,173.166666666667,3.10256944444445,44.5505,9.56944444444444,122.953083333333,15.6666666666667,12
OR,west,7,26.5650537634409,12.5456989247312,11.0147849462366,173.166666666667,3.19228270609319,44.5505,11.0510752688172,122.953083333333,5.58333333333333,12
OR,west,8,26.5701612903226,12.1362903225806,11.386626344086,173.166666666667,3.00387544802867,44.5505,9.89784946236559,122.953083333333,2.58333333333333,12
OR,west,9,23.6238888888889,9.28722222222222,8.92743055555556,173.166666666667,2.59741898148148,44.5505,8.59722222222222,122.953083333333,9.58333333333333,12
OR,west,10,17.5451612903226,6.21424731182796,6.62528001792115,173.166666666667,2.54250672043011,44.5505,5.73655913978495,122.953083333333,63.5,12
OR,west,11,11.2741666666667,3.70527777777778,4.70177083333333,173.166666666667,2.5887962962963,44.5505,3.44444444444444,122.953083333333,65.5833333333333,12
OR,west,12,8.32043010752688,2.04758064516129,2.47913306451613,173.166666666667,3.0887208781362,44.5505,2.99193548387097,122.953083333333,71.6666666666667,12
PA,none,1,1.53809523809524,-5.97235023041475,-6.8538082437276,285.904761904762,4.07587685611879,40.6588571428571,4.00307219662058,77.7347619047619,13.2380952380952,21
PA,none,2,3.22482993197279,-5.57602040816326,-7.0233985260771,285.904761904762,4.06006944444444,40.6588571428571,5.30442176870748,77.7347619047619,64.9047619047619,21
PA,none,3,9.09308755760369,-0.658371735791091,-2.41940604198669,285.904761904762,4.06200076804916,40.6588571428571,5.83410138248848,77.7347619047619,42.9523809523809,21
PA,none,4,15.9038095238095,4.61539682539683,2.62428571428571,285.904761904762,4.11324735449735,40.6588571428571,6.74603174603175,77.7347619047619,38.6190476190476,21
PA,none,5,20.5271889400922,9.20537634408602,8.1604006656426,285.904761904762,3.45174731182796,40.6588571428571,7.51305683563748,77.7347619047619,41.9047619047619,21
PA,none,6,25.2461904761905,14.5368253968254,14.2808465608466,285.904761904762,3.04402116402116,40.6588571428571,8.49206349206349,77.7347619047619,46.7619047619048,21
PA,none,7,27.9139784946237,17.2287250384025,16.255069124424,285.904761904762,2.81551459293395,40.6588571428571,8.90168970814132,77.7347619047619,26.8095238095238,21
PA,none,8,26.3915514592934,16.1147465437788,16.0161546338966,285.904761904762,2.64051459293395,40.6588571428571,7.65591397849462,77.7347619047619,38.3809523809524,21
PA,none,9,22.784126984127,12.1014285714286,12.2736838624339,285.904761904762,2.90656746031746,40.6588571428571,6.83015873015873,77.7347619047619,37.1904761904762,21
PA,none,10,16.1852534562212,5.88755760368664,5.32453917050691,285.904761904762,3.25257936507937,40.6588571428571,5.97081413210446,77.7347619047619,21.952380952381,21
PA,none,11,10.5031746031746,1.83476190476191,0.835753968253968,285.904761904762,3.84162698412698,40.6588571428571,4.77777777777778,77.7347619047619,19.9047619047619,21
PA,none,12,3.6615975422427,-4.08018433179724,-5.14811187916027,285.904761904762,3.79248591909882,40.6588571428571,3.79723502304148,77.7347619047619,31.6190476190476,21
RI,none,1,2.93548387096774,-4.60752688172043,-6.69395161290323,61.3333333333333,4.89099462365591,41.6003333333333,4.54838709677419,71.5053333333333,32.6666666666667,3
RI,none,2,4.83571428571429,-3.26190476190476,-6.82172619047619,61.3333333333333,4.77529761904762,41.6003333333333,5.89285714285714,71.5053333333333,81.6666666666667,3
RI,none,3,6.23440860215054,-1.50860215053763,-3.70103046594982,61.3333333333333,4.51877240143369,41.6003333333333,6.46236559139785,71.5053333333333,22.0,3
RI,none,4,12.0744444444444,3.82222222222222,1.27467592592593,61.3333333333333,4.91990740740741,41.6003333333333,6.15555555555556,71.5053333333333,68.3333333333333,3
RI,none,5,18.1215053763441,8.52903225806452,7.27894265232975,61.3333333333333,4.06742831541219,41.6003333333333,7.3010752688172,71.5053333333333,19.3333333333333,3
RI,none,6,23.4144444444445,14.3822222222222,13.1019444444444,61.3333333333333,3.44884259259259,41.6003333333333,7.8,71.5053333333333,16.6666666666667,3
RI,none,7,25.8537634408602,17.1741935483871,16.1900089605735,61.3333333333333,3.5005376344086,41.6003333333333,8.47311827956989,71.5053333333333,14.3333333333333,3
RI,none,8,25.5806451612903,17.089247311828,16.6078405017921,61.3333333333333,3.4755376344086,41.6003333333333,8.1505376344086,71.5053333333333,288.0,3
RI,none,9,22.7933333333333,14.11,14.1958333333333,61.3333333333333,3.49662037037037,41.6003333333333,6.83333333333333,71.5053333333333,181.333333333333,3
RI,none,10,15.6655913978495,7.04623655913979,6.19834229390681,61.3333333333333,3.97002688172043,41.6003333333333,6.16129032258065,71.5053333333333,321.666666666667,3
RI,none,11,9.42333333333333,1.84888888888889,-0.56087962962963,61.3333333333333,4.25759259259259,41.6003333333333,5.73333333333333,71.5053333333333,3.0,3
RI,none,12,5.7010752688172,-1.94838709677419,-4.49887992831541,61.3333333333333,4.34332437275986,41.6003333333333,5.16129032258065,71.5053333333333,40.6666666666667,3
SC,none,1,11.9590322580645,0.503548387096774,-0.549932795698925,106.6,3.55145161290323,33.9233,6.03225806451613,80.7001,48.4,10
SC,none,2,14.3328571428571,3.01535714285714,1.68299107142857,106.6,3.54205357142857,33.9233,6.65357142857143,80.7001,34.0,10
SC,none,3,18.2874193548387,6.70322580645161,5.61518817204301,106.6,3.88422043010753,33.9233,7.2258064516129,80.7001,74.6,10
SC,none,4,22.5396666666667,10.19,8.841875,106.6,3.754125,33.9233,8.80333333333333,80.7001,46.7,10
SC,none,5,26.6754838709677,15.0283870967742,13.7530913978495,106.6,3.69831989247312,33.9233,9.4258064516129,80.7001,38.9,10
SC,none,6,29.84,20.0603333333333,19.1319722222222,106.6,3.07769444444444,33.9233,8.84666666666667,80.7001,111.4,10
SC,none,7,32.2245161290323,22.4693548387097,21.7755510752688,106.6,2.88795698924731,33.9233,9.25483870967742,80.7001,108.7,10
SC,none,8,30.4296774193548,21.278064516129,21.1307258064516,106.6,2.75239247311828,33.9233,8.55161290322581,80.7001,65.2,10
SC,none,9,28.0926666666667,18.076,17.9880138888889,106.6,2.77555555555556,33.9233,7.22,80.7001,70.6,10
SC,none,10,23.0867741935484,10.7561290322581,10.456935483871,106.6,2.83811827956989,33.9233,8.33225806451613,80.7001,37.2,10
SC,none,11,19.475,7.57266666666667,7.86068055555556,106.6,2.82655555555556,33.9233,6.74,80.7001,49.5,10
SC,none,12,12.8603225806452,1.41161290322581,0.777083333333333,106.6,3.03962365591398,33.9233,6.31935483870968,80.7001,27.6,10
SD,east,1,-3.39539170506912,-13.8861751152074,-12.0737519201229,437.142857142857,4.62686251920123,44.1928571428571,4.41013824884793,97.5381428571429,0.428571428571429,7
SD,east,2,-1.67755102040816,-12.0857142857143,-11.5948129251701,437.142857142857,5.19870323129252,44.1928571428571,5.99489795918367,97.5381428571429,0.571428571428571,7
SD,east,3,4.3668202764977,-6.19585253456221,-6.04767665130568,437.142857142857,5.31793394777266,44.1928571428571,6.10599078341014,97.5381428571429,3.14285714285714,7
SD,east,4,14.6633333333333,2.12142857142857,1.37113095238095,437.142857142857,5.57700396825397,44.1928571428571,7.56666666666667,97.5381428571429,51.1428571428571,7
SD,east,5,20.0400921658986,8.40552995391705,7.87146697388633,437.142857142857,4.89464285714286,44.1928571428571,8.02304147465438,97.5381428571429,37.0,7
SD,east,6,25.4361904761905,13.7652380952381,13.0224007936508,437.142857142857,4.28892857142857,44.1928571428571,9.47142857142857,97.5381428571429,38.5714285714286,7
SD,east,7,29.2552995391705,17.1880184331797,16.3850998463902,437.142857142857,4.2656490015361,44.1928571428571,11.0184331797235,97.5381428571429,34.4285714285714,7
SD,east,8,26.9170506912442,14.7258064516129,15.0932603686636,437.142857142857,4.10387864823349,44.1928571428571,9.92165898617512,97.5381428571429,73.2857142857143,7
SD,east,9,23.71,10.2019047619048,10.0210515873016,437.142857142857,4.26605158730159,44.1928571428571,9.4047619047619,97.5381428571429,11.2857142857143,7
SD,east,10,13.7940092165899,2.32027649769585,2.14228110599078,437.142857142857,4.80537634408602,44.1928571428571,6.0,97.5381428571429,44.8571428571429,7
SD,east,11,4.43095238095238,-5.55714285714286,-5.06843253968254,437.142857142857,4.91791666666667,44.1928571428571,5.32380952380952,97.5381428571429,3.85714285714286,7
SD,east,12,-3.17649769585254,-12.1548387096774,-11.2265168970814,437.142857142857,4.83350614439324,44.1928571428571,4.30414746543779,97.5381428571429,0.0,7
SD,west,1,-1.60161290322581,-12.916935483871,-11.8048051075269,744.75,4.97543682795699,44.529,5.39516129032258,101.7165,3.75,4
SD,west,2,2.64732142857143,-8.99732142857143,-8.16674107142857,744.75,5.23571428571429,44.529,6.29464285714286,101.7165,2.5,4
SD,west,3,5.56532258064516,-5.00241935483871,-4.73380376344086,744.75,5.92130376344086,44.529,6.30645161290323,101.7165,132.0,4
SD,west,4,13.7408333333333,0.67,-0.498784722222222,744.75,5.93003472222222,44.529,7.70833333333333,101.7165,26.25,4
SD,west,5,19.5072580645161,6.51048387096774,4.73652553763441,744.75,5.53985215053764,44.529,9.29032258064516,101.7165,57.5,4
SD,west,6,26.4125,12.2566666666667,11.1610763888889,744.75,4.85847222222222,44.529,10.825,101.7165,29.75,4
SD,west,7,30.8225806451613,16.7911290322581,13.6428427419355,744.75,4.71478494623656,44.529,11.3225806451613,101.7165,35.5,4
SD,west,8,29.5201612903226,15.0637096774194,12.2890793010753,744.75,4.60776209677419,44.529,10.9838709677419,101.7165,39.5,4
SD,west,9,23.4075,8.92,5.98878472222222,744.75,4.34267361111111,44.529,8.025,101.7165,15.0,4
SD,west,10,12.5540322580645,0.429838709677419,-0.68706317204301,744.75,4.9783938172043,44.529,6.19354838709677,101.7165,19.75,4
SD,west,11,5.4025,-4.68833333333333,-4.8340625,744.75,5.22642361111111,44.529,4.43333333333333,101.7165,10.0,4
SD,west,12,0.721774193548387,-10.9032258064516,-10.8814516129032,744.75,5.19462365591398,44.529,5.46774193548387,101.7165,3.75,4
TN,none,1,7.5258064516129,-1.59596774193548,-1.79884072580645,252.0,3.79343077956989,35.7585,4.69354838709677,86.456125,70.125,8
TN,none,2,9.89241071428571,-0.371875,-1.20861235119048,252.0,3.42680431547619,35.7585,4.92857142857143,86.456125,44.875,8
TN,none,3,16.5197580645161,4.43911290322581,3.19336357526882,252.0,3.6984375,35.7585,7.01209677419355,86.456125,57.0,8
TN,none,4,20.9175,8.87625,7.13427083333333,252.0,3.33921875,35.7585,7.725,86.456125,60.25,8
TN,none,5,25.0540322580645,13.5995967741936,12.9584509408602,252.0,2.76628024193548,35.7585,8.32258064516129,86.456125,53.25,8
TN,none,6,29.4266666666667,18.7545833333333,18.5968402777778,252.0,2.52199652777778,35.7585,9.30833333333333,86.456125,69.875,8
TN,none,7,31.3806451612903,20.9358870967742,19.8685147849462,252.0,2.74307795698925,35.7585,9.40322580645161,86.456125,58.25,8
TN,none,8,29.9326612903226,19.3254032258065,18.8687668010753,252.0,2.10821572580645,35.7585,9.30645161290323,86.456125,30.25,8
TN,none,9,27.8070833333333,16.73375,16.5741840277778,252.0,2.29881944444444,35.7585,8.0375,86.456125,52.375,8
TN,none,10,20.9983870967742,8.77540322580645,9.22414314516129,252.0,2.35168010752688,35.7585,7.52822580645161,86.456125,53.125,8
TN,none,11,16.6891666666667,5.52583333333333,4.64517361111111,252.0,3.00857638888889,35.7585,5.70833333333333,86.456125,57.375,8
TN,none,12,9.55403225806452,-0.418145161290323,-1.12832661290323,252.0,3.26490255376344,35.7585,4.79032258064516,86.456125,61.875,8
TX,east,1,15.7904969485615,5.0797733217088,4.52963528044173,121.945945945946,4.43394725370532,30.6197027027027,5.38273757628596,96.5934594594595,24.1081081081081,37
TX,east,2,18.1671814671815,7.0503861003861,5.63623712998713,121.945945945946,4.3963963963964,30.6197027027027,5.92181467181467,96.5934594594595,21.4594594594595,37
TX,east,3,20.3467306015693,9.31734960767218,7.90917247893054,121.945945945946,4.7782875617553,30.6197027027027,6.28509154315606,96.5934594594595,70.7567567567568,37
TX,east,4,25.160990990991,13.9427927927928,12.5533258258258,121.945945945946,4.85424924924925,30.6197027027027,7.53333333333333,96.5934594594595,36.6216216216216,37
TX,east,5,28.9831734960767,19.0636442894507,18.2918955245568,121.945945945946,4.15538724208079,30.6197027027027,8.7332170880558,96.5934594594595,59.7837837837838,37
TX,east,6,32.1011711711712,22.2220720720721,21.3036486486486,121.945945945946,3.71878753753754,30.6197027027027,9.90990990990991,96.5934594594595,65.3243243243243,37
TX,east,7,34.2392327811683,23.7938099389712,21.6446854112177,121.945945945946,3.54576068003487,30.6197027027027,10.9311246730602,96.5934594594595,28.8648648648649,37
TX,east,8,33.9337401918047,23.3409764603313,21.2046643417611,121.945945945946,3.41277244986922,30.6197027027027,10.1499564080209,96.5934594594595,57.2432432432432,37
TX,east,9,31.7663963963964,20.4151351351351,18.1867342342342,121.945945945946,3.56197822822823,30.6197027027027,9.02162162162162,96.5934594594595,59.5405405405405,37
TX,east,10,26.6702702702703,15.3302528334786,14.1662670735251,121.945945945946,3.6440896541703,30.6197027027027,7.68526591107236,96.5934594594595,65.4864864864865,37
TX,east,11,21.4725225225225,10.1905405405405,9.14915915915916,121.945945945946,3.92045795795796,30.6197027027027,6.43513513513514,96.5934594594595,56.7027027027027,37
TX,east,12,16.3917175239756,5.2924149956408,4.58596338273758,121.945945945946,4.03987576285963,30.6197027027027,5.83435047951177,96.5934594594595,28.9189189189189,37
TX,west,1,15.7883870967742,3.29629032258064,2.04927419354839,385.8,4.18112903225806,30.54055,6.03225806451613,99.684,13.15,20
TX,west,2,19.1158928571429,5.47535714285714,2.82587797619048,385.8,4.30399553571429,30.54055,6.70535714285714,99.684,9.8,20
TX,west,3,21.8648387096774,8.24370967741936,4.99631048387097,385.8,5.06862903225806,30.54055,7.80967741935484,99.684,35.2,20
TX,west,4,26.8713333333333,13.031,9.62820833333334,385.8,5.275,30.54055,8.52166666666666,99.684,54.85,20
TX,west,5,30.9558064516129,18.6079032258065,15.8294018817204,385.8,4.83622983870968,30.54055,8.73709677419355,99.684,29.3,20
TX,west,6,34.1186666666667,21.8071666666667,18.5536319444444,385.8,4.29086805555556,30.54055,10.3416666666667,99.684,48.1,20
TX,west,7,35.1670967741935,23.0658064516129,19.1744287634409,385.8,4.09827956989247,30.54055,10.9532258064516,99.684,47.0,20
TX,west,8,34.7175806451613,22.5832258064516,19.1574596774194,385.8,3.89526209677419,30.54055,10.3241935483871,99.684,26.95,20
TX,west,9,31.7503333333333,19.5355,16.6625347222222,385.8,3.83672222222222,30.54055,9.18166666666667,99.684,34.3,20
TX,west,10,26.6940322580645,14.2222580645161,11.965248655914,385.8,4.23559139784946,30.54055,7.9741935483871,99.684,46.7,20
TX,west,11,21.0848333333333,8.69366666666667,7.24650694444445,385.8,3.90334027777778,30.54055,6.62666666666667,99.684,38.05,20
TX,west,12,17.0791935483871,3.43532258064516,1.64840725806452,385.8,4.08965725806452,30.54055,6.83548387096774,99.684,6.25,20
UT,none,1,13.0322580645161,1.84193548387097,-3.27513440860215,896.0,1.66827956989247,37.083,8.12903225806452,113.6,0.0,1
UT,none,2,13.5,4.5,1.76949404761905,896.0,1.49925595238095,37.083,6.71428571428571,113.6,57.0,1
UT,none,3,20.7870967741936,6.83548387096774,-4.7502688172043,896.0,3.27661290322581,37.083,10.5161290322581,113.6,0.0,1
UT,none,4,27.21,12.18,-3.53333333333333,896.0,3.62666666666667,37.083,11.2666666666667,113.6,1.0,1
UT,none,5,30.1290322580645,15.3225806451613,-5.74771505376344,896.0,3.89959677419355,37.083,12.9354838709677,113.6,20.0,1
UT,none,6,36.2333333333333,21.78,-1.13208333333333,896.0,3.76333333333333,37.083,14.7,113.6,0.0,1
UT,none,7,40.0967741935484,26.1967741935484,5.59045698924731,896.0,3.97002688172043,37.083,12.1290322580645,113.6,87.0,1
UT,none,8,37.7161290322581,24.058064516129,8.42755376344086,896.0,3.49784946236559,37.083,11.4516129032258,113.6,1.0,1
UT,none,9,31.2466666666667,17.6966666666667,3.115,896.0,3.07152777777778,37.083,12.5,113.6,0.0,1
UT,none,10,23.5645161290323,11.9096774193548,1.66626344086022,896.0,2.19314516129032,37.083,7.7741935483871,113.6,18.0,1
UT,none,11,14.2,4.6,0.397083333333333,896.0,1.71875,37.083,8.36666666666667,113.6,48.0,1
UT,none,12,10.8,0.767741935483871,-4.91317204301075,896.0,1.66518817204301,37.083,6.7741935483871,113.6,17.0,1
VA,none,1,7.34903225806451,-2.10956989247312,-3.38564964157706,228.466666666667,3.37910394265233,37.5832333333333,5.7989247311828,78.3556666666667,27.2666666666667,30
VA,none,2,8.6072619047619,-1.35285714285714,-2.76775297619048,228.466666666667,3.49873015873016,37.5832333333333,5.47261904761905,78.3556666666667,18.4333333333333,30
VA,none,3,12.7469892473118,1.2458064516129,-0.524422043010753,228.466666666667,3.70339157706093,37.5832333333333,6.38817204301075,78.3556666666667,29.9666666666667,30
VA,none,4,18.8353333333333,6.66077777777778,4.55042592592592,228.466666666667,3.54416666666667,37.5832333333333,8.29888888888889,78.3556666666667,25.1666666666667,30
VA,none,5,23.4938709677419,11.4911827956989,10.5048745519713,228.466666666667,3.15230734767025,37.5832333333333,8.46236559139785,78.3556666666667,32.6666666666667,30
VA,none,6,28.33,17.2782222222222,16.6442731481481,228.466666666667,2.57709259259259,37.5832333333333,8.86777777777778,78.3556666666667,27.1,30
VA,none,7,30.1704301075269,19.5883870967742,18.8895295698925,228.466666666667,2.30496863799283,37.5832333333333,8.84408602150538,78.3556666666667,56.7666666666667,30
VA,none,8,29.7451612903226,18.919247311828,18.5466308243728,228.466666666667,2.35898297491039,37.5832333333333,8.76666666666667,78.3556666666667,29.0,30
VA,none,9,25.7886666666667,14.7788888888889,14.8993842592593,228.466666666667,2.44839351851852,37.5832333333333,7.54555555555555,78.3556666666667,34.5333333333333,30
VA,none,10,20.7150537634409,8.20774193548387,8.29846774193548,228.466666666667,2.62099910394265,37.5832333333333,7.49677419354839,78.3556666666667,29.3,30
VA,none,11,13.7755555555556,2.67077777777778,2.13344444444444,228.466666666667,3.0515787037037,37.5832333333333,6.16333333333334,78.3556666666667,25.3666666666667,30
VA,none,12,9.63956989247312,-0.589462365591398,-1.06150537634409,228.466666666667,3.18752240143369,37.5832333333333,5.46451612903226,78.3556666666667,29.6333333333333,30
VT,none,1,-1.97258064516129,-11.2274193548387,-10.4227150537634,216.5,2.84805107526882,43.8835,4.61290322580645,72.796,50.0,4
VT,none,2,-1.4375,-11.3589285714286,-11.9341517857143,216.5,3.72392113095238,43.8835,4.89285714285714,72.796,6.75,4
VT,none,3,4.22741935483871,-5.17338709677419,-5.63296370967742,216.5,3.44341397849462,43.8835,5.86290322580645,72.796,9.75,4
VT,none,4,12.6458333333333,2.48,0.0382986111111112,216.5,3.56364583333333,43.8835,6.71666666666667,72.796,39.0,4
VT,none,5,18.7709677419355,7.10403225806452,5.86155913978495,216.5,3.29546370967742,43.8835,7.34677419354839,72.796,102.75,4
VT,none,6,23.4008333333333,12.3183333333333,12.4597222222222,216.5,2.82788194444444,43.8835,9.55,72.796,35.75,4
VT,none,7,25.6935483870968,14.0266129032258,14.0516129032258,216.5,2.77449596774194,43.8835,8.61290322580645,72.796,87.0,4
VT,none,8,25.175,13.4709677419355,14.1817876344086,216.5,2.36532258064516,43.8835,8.82258064516129,72.796,33.0,4
VT,none,9,21.0658333333333,10.7158333333333,11.2868402777778,216.5,2.8496875,43.8835,6.53333333333333,72.796,113.0,4
VT,none,10,13.4596774193548,4.84112903225806,4.86152553763441,216.5,2.61743951612903,43.8835,4.54032258064516,72.796,136.5,4
VT,none,11,6.65083333333333,-1.11083333333333,-2.25934027777778,216.5,3.39767361111111,43.8835,3.61666666666667,72.796,17.0,4
VT,none,12,0.329032258064516,-6.63548387096774,-7.29979838709678,216.5,2.86468413978495,43.8835,3.00806451612903,72.796,33.75,4
WA,east,1,2.1415770609319,-3.48279569892473,-2.74608721624851,485.555555555556,3.2,46.9988888888889,3.17562724014337,118.389666666667,15.0,9
WA,east,2,6.26984126984127,-2.15277777777778,-2.38492063492064,485.555555555556,3.58493716931217,46.9988888888889,5.54761904761905,118.389666666667,28.8888888888889,9
WA,east,3,11.2017921146953,0.4584229390681,-0.757407407407407,485.555555555556,3.59910394265233,46.9988888888889,6.98566308243728,118.389666666667,27.3333333333333,9
WA,east,4,16.32,3.59444444444444,1.58307098765432,485.555555555556,3.62223765432099,46.9988888888889,8.66666666666667,118.389666666667,12.7777777777778,9
WA,east,5,19.673476702509,6.91792114695341,3.6314366786141,485.555555555556,4.01591995221028,46.9988888888889,9.61648745519713,118.389666666667,23.6666666666667,9
WA,east,6,24.9662962962963,10.7148148148148,7.09336419753086,485.555555555556,3.88373456790123,46.9988888888889,11.3888888888889,118.389666666667,21.4444444444444,9
WA,east,7,31.0641577060932,14.5713261648746,7.26199223416965,485.555555555556,3.55713859020311,46.9988888888889,13.1541218637993,118.389666666667,6.33333333333333,9
WA,east,8,29.9372759856631,13.6724014336918,7.36766726403823,485.555555555556,3.39351851851852,46.9988888888889,12.0609318996416,118.389666666667,1.66666666666667,9
WA,east,9,24.6196296296296,9.34814814814815,5.6104475308642,485.555555555556,3.25251543209877,46.9988888888889,9.3,118.389666666667,1.44444444444444,9
WA,east,10,15.4885304659498,3.28243727598566,1.832243130227,485.555555555556,3.28421445639188,46.9988888888889,7.08960573476702,118.389666666667,15.3333333333333,9
WA,east,11,7.23,-0.391481481481481,0.112962962962963,485.555555555556,3.22416666666667,46.9988888888889,3.81481481481481,118.389666666667,35.6666666666667,9
WA,east,12,2.83548387096774,-2.92759856630824,-2.40070191158901,485.555555555556,3.069743130227,46.9988888888889,3.02508960573477,118.389666666667,26.7777777777778,9
WA,west,1,7.04108658743633,1.21205432937182,1.74896717600453,100.473684210526,2.55571590265988,47.3085789473684,3.01867572156197,122.482421052632,48.3157894736842,19
WA,west,2,8.8218045112782,1.04661654135338,1.42622963659148,100.473684210526,2.83883928571429,47.3085789473684,4.9718045112782,122.482421052632,103.842105263158,19
WA,west,3,11.158064516129,2.66502546689304,2.5395090548953,100.473684210526,3.18149405772496,47.3085789473684,5.09337860780985,122.482421052632,96.5789473684211,19
WA,west,4,15.3866666666667,4.81526315789474,4.28494883040936,100.473684210526,3.29549707602339,47.3085789473684,7.98070175438596,122.482421052632,19.1578947368421,19
WA,west,5,16.9714770797963,7.22869269949066,6.5989247311828,100.473684210526,3.26525891341256,47.3085789473684,7.65195246179966,122.482421052632,29.9473684210526,19
WA,west,6,20.6747368421053,10.4991228070175,9.12848684210526,100.473684210526,3.27163742690059,47.3085789473684,8.37719298245614,122.482421052632,35.6315789473684,19
WA,west,7,23.86519524618,12.5926994906621,11.0983870967742,100.473684210526,2.91868279569892,47.3085789473684,9.98132427843803,122.482421052632,14.0526315789474,19
WA,west,8,24.2432937181664,12.4714770797963,11.3250141482739,100.473684210526,2.88329796264856,47.3085789473684,8.89473684210526,122.482421052632,20.6842105263158,19
WA,west,9,20.7352631578947,9.85859649122807,9.62046783625731,100.473684210526,2.65748538011696,47.3085789473684,7.34561403508772,122.482421052632,19.2105263157895,19
WA,west,10,15.1161290322581,5.90780984719864,6.32729202037351,100.473684210526,2.7772778720996,47.3085789473684,4.80475382003395,122.482421052632,38.8421052631579,19
WA,west,11,9.64543859649123,2.92666666666667,3.715,100.473684210526,2.8593567251462,47.3085789473684,2.81754385964912,122.482421052632,61.4736842105263,19
WA,west,12,6.98030560271647,1.40526315789474,2.03200339558574,100.473684210526,2.84793435200905,47.3085789473684,2.42105263157895,122.482421052632,140.947368421053,19
WI,none,1,-4.27645161290323,-13.2246774193548,-11.5419086021505,311.15,3.93510752688172,44.38645,4.06612903225806,89.3073,3.3,20
WI,none,2,-1.86196428571429,-11.3728571428571,-10.2362053571429,311.15,3.92133184523809,44.38645,5.80178571428571,89.3073,2.55,20
WI,none,3,4.9391935483871,-5.02048387096774,-5.08550403225806,311.15,4.02024193548387,44.38645,6.20322580645161,89.3073,21.3,20
WI,none,4,13.4998333333333,1.96266666666667,1.17984027777778,311.15,4.27122222222222,44.38645,7.12833333333333,89.3073,32.9,20
WI,none,5,18.5983870967742,7.04177419354839,5.70057123655914,311.15,4.04262768817204,44.38645,8.58709677419355,89.3073,32.1,20
WI,none,6,24.694,13.6511666666667,13.3107430555556,311.15,3.44290972222222,44.38645,8.93166666666667,89.3073,39.7,20
WI,none,7,26.4220967741936,15.503064516129,15.7601344086022,311.15,3.25712365591398,44.38645,9.81612903225806,89.3073,27.2,20
WI,none,8,25.2932258064516,14.4322580645161,15.4633534946237,311.15,3.00072580645161,44.38645,8.86612903225807,89.3073,36.1,20
WI,none,9,21.6566666666667,10.5888333333333,11.2978194444444,311.15,3.35561111111111,44.38645,7.52333333333333,89.3073,37.0,20
WI,none,10,13.2477419354839,3.52225806451613,3.28242607526882,311.15,3.78131720430108,44.38645,4.89354838709677,89.3073,21.35,20
WI,none,11,6.136,-1.83916666666667,-2.10877777777778,311.15,3.85834027777778,44.38645,3.895,89.3073,13.5,20
WI,none,12,-2.33387096774194,-10.6909677419355,-9.84824596774194,311.15,3.91735887096774,44.38645,4.19516129032258,89.3073,0.6,20
WV,none,1,3.49472140762463,-4.96979472140762,-5.18935728250244,450.636363636364,3.42315493646139,38.7683636363636,3.63636363636364,80.6323636363636,31.0909090909091,11
WV,none,2,6.71655844155844,-2.81915584415584,-3.84456168831169,450.636363636364,3.31608495670996,38.7683636363636,4.44155844155844,80.6323636363636,46.0909090909091,11
WV,none,3,12.6131964809384,0.908211143695015,-0.313233137829912,450.636363636364,3.29513685239492,38.7683636363636,6.02052785923754,80.6323636363636,57.1818181818182,11
WV,none,4,18.0909090909091,5.86545454545455,4.44061868686869,450.636363636364,3.29035353535353,38.7683636363636,6.29090909090909,80.6323636363636,49.1818181818182,11
WV,none,5,21.382991202346,9.49853372434018,9.5205156402737,450.636363636364,2.75931085043988,38.7683636363636,7.17302052785924,80.6323636363636,56.1818181818182,11
WV,none,6,26.1506060606061,14.9775757575758,15.5286868686869,450.636363636364,2.29102272727273,38.7683636363636,7.81212121212121,80.6323636363636,47.0909090909091,11
WV,none,7,27.7219941348974,17.6888563049853,18.0961388074291,450.636363636364,2.13869745845552,38.7683636363636,7.75953079178886,80.6323636363636,90.9090909090909,11
WV,none,8,26.8527859237537,16.8008797653959,17.3445992179863,450.636363636364,1.97969208211144,38.7683636363636,7.53372434017595,80.6323636363636,91.0,11
WV,none,9,23.7866666666667,12.5133333333333,13.3343939393939,450.636363636364,2.25566919191919,38.7683636363636,6.59090909090909,80.6323636363636,90.3636363636364,11
WV,none,10,17.991495601173,6.3158357771261,6.5469696969697,450.636363636364,2.38621700879765,38.7683636363636,6.40469208211144,80.6323636363636,50.8181818181818,11
WV,none,11,11.669696969697,1.37393939393939,0.34459595959596,450.636363636364,3.15406565656566,38.7683636363636,4.43030303030303,80.6323636363636,33.9090909090909,11
WV,none,12,5.91290322580645,-3.21876832844575,-3.74028592375367,450.636363636364,3.00624389051808,38.7683636363636,3.87976539589443,80.6323636363636,24.1818181818182,11
