station_id,state,latitude,longitude,elevation,t_max,t_min,t_dew_max,t_dew_min
690150,CA,34.300,-116.167,626,43.9,-2.2,23.0,2.3
690190,TX,32.433,-99.850,545,45.0,-16.7,24.0,4.5
690230,WA,48.350,-122.667,10,25.0,-5.0,19.0,6.2
699604,AZ,32.650,-114.617,65,50.6,3.3,28.0,1.5
722010,FL,24.550,-81.750,1,33.3,9.4,27.0,6.5
722015,FL,24.583,-81.683,7,33.3,12.0,29.0,4.1
722016,FL,24.733,-81.050,2,37.0,5.5,32.0,4.1
722020,FL,25.817,-80.300,11,35.6,5.0,25.6,7.2
722024,FL,25.900,-80.283,3,44.0,-17.8,30.0,2.6
722025,FL,26.067,-80.150,3,36.6,4.4,31.0,1.5
722026,FL,25.483,-80.383,5,34.2,2.2,27.3,0.0
722029,FL,25.650,-80.433,3,35.0,6.0,27.0,2.1
722030,FL,26.683,-80.100,6,33.9,-1.1,26.1,2.6
722038,FL,26.150,-81.767,3,33.9,3.0,26.7,0.0
722039,FL,26.200,-80.167,4,36.0,-13.9,27.0,2.6
722040,FL,28.117,-80.650,11,37.0,0.0,27.0,0.0
722045,FL,27.650,-80.417,7,35.0,0.0,26.0,0.0
722050,FL,28.433,-81.333,29,35.6,0.0,27.2,0.0
722053,FL,28.550,-81.333,33,35.5,0.0,26.6,0.0
722055,FL,29.167,-82.217,27,37.7,-12.4,31.3,1.1
722056,FL,29.183,-81.067,9,36.7,-5.6,26.1,3.4
722057,FL,28.783,-81.250,17,37.0,-0.2,26.0,1.4
722060,FL,30.500,-81.700,8,37.2,-7.2,29.4,2.1
722065,FL,30.233,-81.667,9,37.2,-2.0,27.2,0.0
722066,FL,30.400,-81.417,5,36.0,-1.1,29.0,5.7
722068,FL,30.333,-81.517,12,38.0,-2.0,27.0,1.5
722070,GA,32.117,-81.200,14,36.7,-6.7,26.1,0.0
722080,SC,32.900,-80.033,12,37.8,-5.6,26.7,4.1
722085,SC,32.483,-80.717,10,36.1,-4.0,27.8,0.2
722103,FL,27.483,-80.367,7,37.0,-12.3,27.0,7.2
722104,FL,27.767,-82.633,2,34.0,1.6,30.0,0.0
722106,FL,26.583,-81.867,5,36.7,0.0,29.0,2.6
722108,FL,26.533,-81.750,9,36.1,3.8,27.0,5.7
722110,FL,27.967,-82.533,6,34.4,-2.2,27.8,1.5
722115,FL,27.383,-82.550,10,34.0,-1.0,28.0,5.7
722116,FL,27.900,-82.683,3,35.0,-2.3,27.0,2.6
722119,FL,27.983,-82.017,43,36.1,-3.9,27.8,0.0
722135,GA,31.533,-82.500,63,39.0,-6.7,30.0,0.0
722136,GA,31.250,-81.467,8,37.2,-8.7,28.9,0.0
722137,GA,31.150,-81.383,4,35.6,-2.8,26.7,2.0
722140,FL,30.380,-84.370,21,37.8,-6.7,26.7,0.0
722146,FL,29.700,-82.283,41,36.3,-3.3,26.8,1.5
722160,GA,31.533,-84.183,58,36.2,-4.0,26.0,0.0
722166,GA,30.783,-83.283,61,40.0,-6.0,28.0,5.1
722170,GA,32.683,-83.650,108,39.4,-9.4,26.7,3.1
722175,GA,32.633,-83.600,92,36.7,-11.2,26.1,1.3
722180,GA,33.367,-81.967,40,37.8,-7.2,25.6,0.0
722190,GA,33.633,-84.433,308,36.7,-12.8,23.9,5.2
722195,GA,33.767,-84.517,263,38.1,-11.0,24.4,0.0
722196,GA,33.867,-84.300,313,39.0,-15.4,36.6,0.0
722210,FL,30.483,-86.517,20,37.2,-9.5,29.4,2.1
722215,FL,30.783,-86.517,58,36.0,-9.0,26.0,1.8
722223,FL,30.483,-87.183,34,35.6,-5.0,27.8,3.1
722225,FL,30.350,-87.317,10,36.1,-3.0,29.4,3.7
722226,FL,30.717,-87.017,54,37.2,-9.1,28.0,0.0
722230,AL,30.683,-88.250,66,35.0,-6.7,26.1,5.2
722235,AL,30.633,-88.067,8,36.6,-7.0,27.0,0.0
722245,FL,30.200,-85.683,6,37.0,-4.9,29.0,3.2
722250,GA,32.350,-85.000,88,35.0,-13.4,26.1,2.1
722255,GA,32.517,-84.950,120,39.4,-8.9,25.0,2.8
722260,AL,32.300,-86.400,62,39.4,-7.2,26.1,5.7
722265,AL,32.383,-86.350,53,36.7,-10.6,26.1,0.0
722267,AL,31.867,-86.017,120,36.0,-10.3,25.0,0.8
722268,AL,31.233,-85.433,98,37.0,-10.0,27.0,1.5
722269,AL,31.267,-85.717,91,35.0,-11.7,26.1,2.5
722270,GA,33.917,-84.517,330,33.9,-16.2,25.0,2.5
722280,AL,33.567,-86.750,189,35.0,-12.2,26.0,5.2
722284,AL,32.616,-85.433,236,31.6,-13.4,23.8,0.0
722285,AL,33.967,-86.083,173,35.3,-9.0,27.0,0.0
722286,AL,33.217,-87.617,51,37.0,-9.0,26.0,2.6
722287,AL,33.583,-85.850,186,35.0,-6.6,25.5,0.0
722310,LA,30.000,-90.250,1,36.1,-3.3,26.7,2.6
722314,LA,30.033,-91.883,8,39.0,-5.0,27.0,2.6
722315,LA,30.050,-90.033,3,40.0,-1.0,27.0,4.1
722316,LA,29.817,-90.017,2,36.0,0.6,28.0,1.5
722317,LA,30.533,-91.150,20,40.0,-6.1,26.7,2.6
722329,LA,29.717,-91.333,3,36.1,-1.0,27.8,0.0
722340,MS,32.333,-88.750,90,38.9,-8.3,27.2,3.1
722345,MS,32.550,-88.567,83,39.2,-7.0,28.3,3.3
722348,MS,31.467,-89.333,93,39.0,-7.8,25.1,4.1
722350,MS,32.317,-90.083,94,38.3,-9.4,26.1,4.6
722356,MS,33.483,-90.983,42,39.0,-7.0,27.6,4.7
722357,MS,31.617,-91.300,83,35.2,-6.0,27.0,4.1
722358,MS,31.233,-90.467,126,35.6,-7.8,26.1,3.1
722359,MS,33.500,-90.083,47,38.9,-9.5,30.0,2.6
722390,LA,31.050,-93.183,102,35.0,-10.0,26.1,5.7
722400,LA,30.117,-93.233,5,36.7,-5.6,26.7,1.5
722404,LA,30.217,-93.167,5,38.0,-4.7,29.4,3.8
722405,LA,30.200,-91.983,12,39.5,-3.4,27.6,3.6
722406,LA,29.567,-90.667,3,35.5,-9.1,26.1,1.3
722410,TX,29.950,-94.017,5,36.7,-3.3,30.0,2.6
722420,TX,29.300,-94.800,16,34.0,2.0,27.0,9.3
722429,TX,30.067,-95.550,46,38.3,-3.0,31.0,0.0
722430,TX,30.000,-95.367,29,39.4,-6.1,26.1,0.0
722435,TX,29.650,-95.283,13,36.1,0.5,27.2,0.0
722436,TX,29.570,-95.090,6,35.6,-5.0,28.0,4.1
722445,TX,30.583,-96.367,96,41.0,-7.3,27.2,4.1
722446,TX,31.233,-94.750,86,36.7,-8.9,26.7,4.1
722448,TX,32.350,-95.400,166,42.2,-6.7,29.0,5.7
722470,TX,32.290,-94.980,146,42.0,-3.9,26.0,3.6
722480,LA,32.450,-93.817,77,38.9,-10.0,26.1,5.2
722484,LA,32.533,-93.750,55,38.9,-17.3,26.1,0.0
722485,LA,32.500,-93.667,54,36.1,-12.3,28.0,1.0
722486,LA,32.517,-92.033,40,38.0,-6.7,27.0,2.1
722487,LA,31.400,-92.300,34,41.1,-6.1,27.2,0.0
722499,TX,31.583,-94.717,108,43.0,-11.7,25.0,2.5
722500,TX,25.900,-97.433,6,37.8,-0.6,27.2,5.2
722505,TX,26.233,-97.650,10,39.2,2.0,27.0,4.2
722506,TX,26.310,-98.170,30,39.0,-1.7,33.0,1.5
722510,TX,27.880,-97.630,6,36.7,-3.3,26.8,2.6
722515,TX,27.683,-97.283,6,35.0,1.0,27.8,3.6
722516,TX,27.500,-97.817,17,43.0,-4.0,27.4,2.6
722517,TX,27.733,-98.033,53,43.0,-2.5,31.0,3.1
722520,TX,27.570,-99.490,142,41.0,-3.0,25.0,4.1
722523,TX,29.333,-98.467,176,39.0,-7.0,25.0,0.0
722524,TX,28.083,-97.050,8,34.0,0.8,30.8,1.3
722526,TX,28.450,-99.217,141,41.7,-5.5,28.0,2.4
722530,TX,29.533,-98.467,247,38.3,-6.7,26.1,3.1
722533,TX,29.367,-99.167,280,37.8,-5.6,26.1,2.6
722535,TX,29.383,-98.583,208,40.0,-13.9,26.1,3.6
722536,TX,29.533,-98.283,232,38.8,-7.8,25.6,2.1
722540,TX,30.290,-97.740,213,38.9,-3.9,26.0,0.0
722544,TX,30.317,-97.767,198,39.4,-9.4,25.6,2.1
722547,TX,30.683,-97.683,240,38.3,-10.6,23.8,4.6
722550,TX,28.867,-96.933,35,38.3,-5.6,26.1,8.8
722555,TX,28.717,-96.250,5,35.0,-3.9,26.7,4.6
722560,TX,31.617,-97.233,152,41.7,-10.0,26.1,5.2
722563,TX,31.483,-97.317,180,38.3,-15.6,24.4,0.0
722570,TX,31.133,-97.717,280,40.0,-5.4,26.1,1.0
722575,TX,31.083,-97.683,258,37.7,-10.2,23.9,5.1
722576,TX,31.067,-97.833,312,38.8,-10.6,24.4,6.2
722577,TX,31.150,-97.400,213,37.2,-11.2,24.4,4.6
722583,TX,32.850,-96.850,134,42.0,-6.7,33.0,0.0
722587,TX,33.633,-95.450,171,37.7,-15.0,25.1,3.1
722588,TX,33.067,-96.067,163,41.0,-9.2,30.0,5.1
722590,TX,32.900,-97.017,171,40.0,-11.7,26.7,6.2
722594,TX,32.983,-97.317,226,38.0,-12.0,25.0,5.7
722595,TX,32.767,-97.450,185,39.0,-9.6,29.0,8.2
722596,TX,32.817,-97.367,209,41.0,-8.4,25.0,2.1
722597,TX,32.783,-98.067,284,41.0,-6.2,25.0,0.0
722598,TX,32.967,-96.833,196,44.0,-12.7,26.1,2.8
722599,TX,32.683,-96.867,201,40.0,-11.4,25.0,3.6
722610,TX,29.380,-100.910,308,41.1,-2.2,25.0,2.5
722615,TX,29.367,-100.783,327,43.0,0.5,30.6,6.1
722630,TX,31.350,-100.500,584,38.3,-10.0,23.3,3.6
722650,TX,31.950,-102.183,872,39.4,-11.7,21.1,3.1
722656,TX,31.783,-103.200,856,43.9,-12.0,22.8,5.7
722660,TX,32.470,-99.710,530,41.1,-14.4,22.8,1.5
722670,TX,33.667,-101.817,992,38.3,-15.0,22.2,3.1
722687,NM,32.333,-104.267,985,41.1,-10.0,22.2,3.1
722740,AZ,32.133,-110.950,777,41.7,-3.3,22.2,1.5
722745,AZ,32.167,-110.883,809,42.0,-1.1,22.0,1.0
722747,AZ,32.817,-109.683,950,41.0,-6.0,21.0,0.0
722748,AZ,32.950,-111.767,446,44.0,-5.0,23.0,0.0
722780,AZ,33.450,-111.983,337,44.4,2.2,23.3,0.0
722784,AZ,33.683,-112.083,450,45.0,2.0,23.0,1.5
722785,AZ,33.550,-112.367,331,50.5,-2.0,26.0,4.6
722789,AZ,33.617,-111.917,460,46.0,3.0,23.0,0.0
722800,AZ,32.667,-114.600,63,46.0,3.0,30.0,2.6
722860,CA,33.900,-117.250,462,41.0,-6.0,22.0,1.5
722868,CA,33.833,-116.500,145,46.0,4.0,24.0,0.0
722869,CA,33.950,-117.450,256,43.4,-3.0,23.0,4.1
722880,CA,34.200,-118.350,226,38.0,1.0,22.0,0.4
722885,CA,34.017,-118.450,53,30.0,5.0,20.0,0.0
722886,CA,34.217,-118.483,235,41.1,3.0,29.0,0.0
722895,CA,34.667,-120.467,27,32.0,-9.5,18.2,1.5
722897,CA,35.233,-120.633,66,38.0,-1.0,16.1,0.0
722899,CA,33.967,-117.633,198,40.0,-3.0,19.0,3.1
722900,CA,32.733,-117.167,4,30.6,5.0,21.1,0.0
722903,CA,32.817,-117.133,129,37.0,3.0,20.0,0.0
722904,CA,32.583,-116.983,159,37.0,1.0,20.0,0.0
722906,CA,32.700,-117.200,15,28.3,4.0,23.3,0.0
722926,CA,33.300,-117.350,23,39.0,-3.0,25.0,3.6
722927,CA,33.133,-117.283,100,31.0,-6.7,20.0,1.5
722930,CA,32.867,-117.133,140,36.1,1.0,22.4,3.1
722950,CA,33.933,-118.400,30,32.2,5.6,20.6,1.5
722956,CA,33.917,-118.333,21,35.5,-6.2,20.0,1.5
722970,CA,33.833,-118.167,8,35.0,1.7,21.1,2.1
722976,CA,33.867,-117.983,29,39.0,4.0,23.0,2.1
722977,CA,33.683,-117.867,16,34.0,2.7,21.0,1.5
723013,NC,34.267,-77.900,9,36.7,-4.4,26.1,5.7
723030,NC,35.167,-79.017,66,37.2,-15.0,27.2,0.2
723035,NC,34.983,-78.883,59,36.0,-17.3,25.5,3.6
723040,NC,35.267,-75.550,3,32.8,-5.0,26.7,4.4
723046,NC,35.917,-75.700,4,36.1,-7.8,28.0,1.6
723060,NC,35.867,-78.783,127,36.7,-12.2,26.0,2.1
723065,NC,35.633,-77.400,8,34.4,-17.3,24.0,3.9
723066,NC,35.350,-77.967,33,37.2,-17.3,26.1,2.5
723067,NC,35.317,-77.633,29,37.4,-15.0,28.3,5.4
723068,NC,35.850,-77.900,50,37.0,-11.0,25.0,2.1
723069,NC,34.833,-77.617,29,36.7,-15.0,29.8,0.0
723075,VA,36.817,-76.033,8,36.1,-10.0,26.7,4.6
723080,VA,36.900,-76.200,7,36.7,-7.8,26.1,3.1
723083,VA,36.700,-76.900,12,38.0,-10.4,29.6,0.0
723085,VA,36.950,-76.283,10,36.7,-8.0,27.2,9.8
723086,VA,37.133,-76.500,13,36.6,-9.7,29.0,7.2
723090,NC,34.900,-76.883,11,36.7,-11.7,28.3,4.1
723095,NC,35.067,-77.050,5,38.0,-8.0,27.2,3.7
723096,NC,34.700,-77.383,5,42.1,-12.8,27.0,0.0
723100,SC,33.950,-81.117,65,39.4,-8.9,25.0,2.1
723106,SC,34.183,-79.733,44,36.1,-9.0,27.0,0.0
723110,GA,33.950,-83.333,244,35.6,-10.0,23.9,3.4
723119,SC,34.850,-82.350,319,35.6,-15.0,25.0,0.0
723120,SC,34.900,-82.217,292,35.6,-8.9,24.4,2.1
723125,SC,34.500,-82.717,232,38.8,-12.8,26.0,0.0
723140,NC,35.217,-80.950,222,35.6,-7.2,26.1,3.1
723143,NC,35.233,-79.400,141,34.5,-16.7,25.0,2.9
723145,NC,35.733,-81.383,348,35.0,-11.7,24.0,1.5
723150,NC,35.433,-82.533,652,35.6,-11.7,23.3,2.9
723170,NC,36.100,-79.950,273,35.6,-16.7,25.0,2.6
723183,TN,36.467,-82.400,457,33.9,-17.2,22.2,0.5
723193,NC,36.133,-80.217,296,35.0,-12.0,27.0,2.1
723200,GA,34.350,-85.167,195,39.0,-9.5,24.0,1.5
723230,AL,34.650,-86.783,190,38.3,-17.2,25.6,4.6
723235,AL,34.750,-87.600,165,37.0,-17.3,27.0,2.6
723240,TN,35.033,-85.200,204,36.7,-8.9,24.4,0.0
723260,TN,35.817,-83.983,293,38.3,-14.4,25.6,2.6
723265,TN,35.950,-85.083,569,31.7,-12.0,23.3,0.0
723270,TN,36.117,-86.683,177,36.7,-14.4,24.4,4.1
723300,MO,36.767,-90.467,146,37.0,-16.0,27.0,0.0
723306,MS,33.650,-88.450,68,37.0,-14.5,26.7,2.1
723307,MS,33.450,-88.583,80,38.3,-14.5,25.0,3.6
723320,MS,34.267,-88.767,110,38.9,-10.0,26.1,1.5
723340,TN,35.067,-89.983,81,38.3,-11.7,25.6,3.1
723346,TN,35.600,-88.917,132,35.0,-18.0,27.0,2.6
723347,TN,36.017,-89.400,103,37.1,-16.7,25.6,0.0
723403,AR,34.750,-92.233,78,40.0,-16.1,26.7,3.1
723405,AR,34.917,-92.150,103,37.8,-16.2,27.2,2.6
723406,AR,36.133,-90.917,83,36.3,-14.0,26.0,2.1
723407,AR,35.833,-90.650,82,37.0,-14.0,27.0,3.6
723415,AR,34.467,-93.100,169,37.0,-11.0,26.0,3.6
723416,AR,34.600,-91.567,68,37.0,-7.5,27.1,3.6
723417,AR,34.167,-91.933,63,41.1,-9.5,27.0,1.5
723418,AR,33.450,-94.000,110,40.0,-6.6,26.0,1.5
723419,AR,33.217,-92.817,77,44.0,-8.9,27.8,0.0
723434,AR,36.183,-94.117,412,38.0,-14.8,25.1,4.6
723440,AR,35.333,-94.367,137,38.9,-16.7,25.0,3.6
723443,AR,36.183,-94.483,364,39.0,-14.0,23.0,4.6
723444,AR,36.350,-94.217,395,35.8,-15.0,33.5,4.1
723445,AR,36.000,-94.167,381,39.0,-22.3,26.0,2.1
723446,AR,36.267,-93.150,419,39.0,-14.0,25.5,4.6
723447,AR,36.300,-92.467,350,41.0,-12.0,25.7,1.5
723448,AR,35.733,-91.650,141,37.0,-17.3,24.4,2.1
723449,AR,36.367,-94.100,415,38.0,-21.2,26.0,0.0
723489,MO,37.233,-89.567,103,36.1,-22.3,26.1,2.0
723495,MO,37.150,-94.500,297,40.6,-18.4,24.4,2.1
723510,TX,33.983,-98.500,314,41.1,-12.8,23.9,5.7
723520,OK,34.650,-99.267,414,45.0,-13.0,29.0,1.5
723525,OK,35.000,-99.050,478,41.1,-15.6,23.3,7.2
723526,OK,35.333,-99.200,586,42.0,-14.7,24.0,3.4
723527,OK,36.300,-99.767,668,41.1,-20.0,28.3,7.7
723530,OK,35.383,-97.600,398,38.9,-17.8,23.9,3.6
723535,OK,36.333,-97.917,408,41.0,-16.0,24.4,0.0
723540,OK,35.417,-97.383,384,38.3,-13.0,23.9,5.6
723544,OK,35.533,-97.650,396,41.0,-13.0,24.0,5.1
723545,OK,36.150,-97.083,308,43.0,-14.0,24.0,5.1
723546,OK,36.610,-97.490,318,46.0,-16.7,29.0,2.1
723550,OK,34.650,-98.400,369,44.4,-12.0,25.0,3.1
723560,OK,36.200,-95.883,198,41.1,-15.6,26.1,8.2
723565,OK,36.767,-96.017,218,37.0,-21.0,24.0,0.0
723566,OK,34.900,-95.783,232,38.8,-16.7,26.0,4.1
723575,OK,34.567,-98.417,338,39.4,-12.0,24.0,0.0
723604,TX,34.433,-100.283,595,40.0,-15.0,23.9,4.1
723805,CA,34.767,-114.617,279,46.3,0.6,22.4,2.5
723810,CA,34.900,-117.867,706,42.2,-9.0,22.0,2.9
723815,CA,34.850,-116.800,586,46.7,-5.0,21.1,3.6
723816,CA,34.733,-118.217,713,41.1,-10.0,20.0,4.1
723820,CA,34.633,-118.083,769,41.0,-6.0,26.0,0.0
723840,CA,35.433,-119.050,149,42.2,-0.6,19.4,1.5
723860,NV,36.083,-115.150,648,44.4,-3.3,20.6,2.6
723865,NV,36.250,-115.033,573,47.0,-5.5,22.0,2.1
723870,NV,36.630,-116.020,935,44.0,-5.6,20.0,3.1
723890,CA,36.783,-119.717,102,41.1,-3.3,22.8,0.0
723895,CA,36.033,-119.067,135,41.1,-6.2,18.0,1.5
723896,CA,36.317,-119.400,89,42.4,-6.2,23.3,2.2
723910,CA,34.117,-119.117,3,27.8,2.0,19.0,2.1
723925,CA,34.433,-119.850,3,32.2,0.0,18.9,0.0
723926,CA,34.217,-119.083,23,38.0,-1.0,19.4,0.0
723927,CA,34.200,-119.200,11,33.0,3.0,20.0,0.0
723940,CA,34.917,-120.467,77,31.1,-2.2,15.8,0.0
723965,CA,35.667,-120.633,244,42.0,-4.4,18.0,0.0
724010,VA,37.517,-77.317,50,36.7,-17.8,26.1,3.1
724014,VA,37.183,-77.517,60,37.0,-10.2,26.3,3.5
724016,VA,38.133,-78.450,190,37.0,-16.0,32.0,0.0
724017,VA,37.350,-78.433,125,38.0,-15.7,26.0,0.0
724026,VA,37.650,-75.767,15,37.2,-11.0,26.6,3.4
724030,VA,38.980,-77.470,82,37.2,-16.1,25.6,2.1
724033,VA,38.267,-77.450,26,38.0,-23.9,26.1,0.0
724035,VA,38.500,-77.300,4,36.1,-21.1,25.6,4.1
724036,VA,38.717,-77.517,59,35.5,-26.2,23.8,0.0
724037,VA,38.717,-77.183,27,39.4,-22.3,26.1,2.4
724040,MD,38.300,-76.417,14,34.4,-10.0,28.0,0.0
724045,MD,38.333,-75.517,15,36.0,-11.0,26.0,3.6
724050,VA,38.867,-77.033,3,36.7,-13.9,26.7,2.6
724053,VA,39.150,-78.150,222,51.0,-21.2,32.0,2.6
724055,VA,39.083,-77.567,119,36.1,-16.7,26.1,0.0
724056,VA,36.900,-81.350,780,32.6,-19.0,21.0,4.6
724058,VA,36.683,-82.033,631,38.2,-24.5,22.0,0.0
724060,MD,39.167,-76.683,45,35.0,-14.4,25.0,0.7
724066,MD,39.700,-77.733,220,38.3,-14.0,26.1,8.2
724070,NJ,39.450,-74.567,18,36.1,-10.6,24.4,2.1
724075,NJ,39.367,-75.083,21,36.7,-16.0,26.1,1.3
724080,PA,39.867,-75.233,2,36.7,-13.9,25.6,2.1
724084,NJ,40.183,-74.067,26,36.0,-16.0,27.7,3.1
724085,PA,40.083,-75.017,30,37.0,-20.6,32.0,2.0
724086,PA,40.200,-75.150,102,36.0,-12.0,26.6,2.1
724088,DE,39.133,-75.467,7,37.8,-16.2,27.2,4.1
724089,DE,39.667,-75.600,23,34.4,-25.0,25.6,2.1
724094,NJ,40.883,-74.283,53,35.0,-16.0,26.0,2.1
724095,NJ,40.283,-74.817,65,37.0,-16.7,25.0,2.9
724096,NJ,40.017,-74.600,45,37.2,-18.0,24.4,3.6
724100,VA,37.333,-79.200,286,35.0,-16.7,24.4,2.4
724105,VA,38.267,-78.900,366,37.1,-30.3,27.8,1.5
724106,VA,36.567,-79.333,176,37.0,-10.0,25.5,5.1
724107,VA,36.767,-80.817,834,33.8,-20.6,25.5,2.1
724110,VA,37.317,-79.967,350,34.4,-11.1,23.9,3.1
724113,VA,37.217,-80.417,650,32.2,-15.0,23.0,2.6
724116,VA,37.133,-80.683,642,32.0,-21.7,22.0,3.3
724117,VA,36.983,-82.533,817,32.5,-16.2,27.0,3.1
724120,WV,37.800,-81.117,763,30.0,-17.8,22.8,2.1
724125,WV,37.270,-81.240,803,32.0,-15.0,22.0,2.1
724127,WV,37.867,-80.400,702,32.8,-24.6,24.4,0.0
724140,WV,38.383,-81.583,310,35.6,-23.9,25.2,3.3
724170,WV,38.883,-79.850,594,30.6,-27.2,25.6,2.1
724175,WV,39.283,-80.233,380,34.0,-13.9,25.5,0.0
724176,WV,39.650,-79.917,378,31.1,-28.4,25.0,6.2
724177,WV,39.400,-77.983,162,35.0,-14.4,25.0,2.3
724210,KY,39.050,-84.667,265,36.1,-20.0,25.6,2.1
724220,KY,38.033,-84.600,294,33.9,-20.6,25.0,6.7
724230,KY,38.183,-85.733,147,36.1,-16.1,24.4,5.2
724235,KY,38.233,-85.667,165,35.0,-18.0,29.0,2.1
724236,KY,37.583,-83.317,416,32.8,-16.1,24.4,3.6
724238,KY,37.817,-87.683,117,38.6,-20.6,24.5,0.7
724240,KY,37.900,-85.967,239,36.7,-22.3,27.2,1.5
724243,KY,37.083,-84.083,362,33.9,-18.3,24.9,2.6
724250,WV,38.383,-82.550,253,34.4,-17.8,25.0,5.2
724273,WV,39.350,-81.433,253,36.1,-20.6,24.4,2.1
724275,WV,40.183,-80.650,359,33.0,-17.0,23.0,0.0
724280,OH,39.983,-82.883,247,34.4,-18.9,23.9,3.8
724286,OH,39.950,-81.900,268,34.0,-14.9,25.0,0.0
724288,OH,40.067,-83.067,283,34.4,-22.0,27.0,0.0
724290,OH,39.900,-84.217,305,32.8,-22.8,24.4,5.7
724297,OH,39.100,-84.417,149,36.6,-16.7,27.7,0.0
724320,IN,38.050,-87.533,116,36.7,-23.3,26.1,0.0
724335,IL,38.317,-88.867,146,37.0,-23.4,26.0,0.0
724336,IL,37.767,-89.250,128,39.0,-23.0,28.6,4.6
724338,IL,38.550,-89.850,135,37.2,-24.5,25.0,0.0
724339,IL,37.750,-89.017,144,37.2,-15.0,26.7,2.1
724340,MO,38.750,-90.367,173,38.3,-18.9,23.9,7.7
724345,MO,38.650,-90.650,141,37.2,-17.2,26.0,2.6
724350,KY,37.050,-88.767,124,37.2,-13.9,26.7,3.1
724354,KY,38.000,-84.600,283,35.0,-15.0,25.0,0.0
724365,IN,38.250,-86.950,161,36.0,-10.5,27.0,1.5
724373,IN,39.450,-87.300,175,37.2,-33.4,26.6,0.0
724375,IN,39.133,-86.617,264,35.0,-26.2,27.0,0.0
724380,IN,39.717,-86.267,241,36.1,-23.3,26.1,4.6
724386,IN,40.417,-86.933,183,37.0,-23.3,30.0,2.6
724390,IL,39.850,-89.683,179,36.1,-22.2,25.6,4.6
724396,IL,39.933,-91.200,233,34.0,-27.8,26.7,3.6
724397,IL,40.467,-88.917,272,35.5,-29.0,26.0,3.9
724400,MO,37.233,-93.383,384,36.7,-20.6,23.9,2.1
724450,MO,38.817,-92.217,272,37.8,-20.0,25.0,5.1
724454,MO,37.767,-90.400,274,36.1,-22.8,25.5,3.6
724455,MO,40.100,-92.550,294,34.0,-27.3,27.0,2.1
724456,MO,38.133,-91.767,336,34.2,-22.0,26.0,5.7
724457,MO,37.750,-92.150,351,37.8,-23.4,24.5,2.9
724458,MO,38.583,-92.150,167,36.0,-18.1,26.0,4.9
724459,MO,38.100,-92.550,265,40.0,-18.0,25.0,2.6
724460,MO,39.300,-94.717,298,37.2,-17.8,24.4,10.3
724463,MO,39.117,-94.600,226,39.0,-15.0,26.1,6.1
724467,MO,38.717,-93.550,255,37.8,-23.9,24.4,3.1
724468,KS,38.850,-94.733,334,37.8,-16.0,33.9,4.1
724475,KS,38.833,-94.883,331,37.0,-16.2,26.0,4.4
724490,MO,39.767,-94.900,247,36.0,-17.8,27.7,6.4
724500,KS,37.650,-97.433,402,41.1,-16.7,24.4,9.3
724504,KS,37.750,-97.217,433,41.0,-18.0,24.0,0.0
724505,KS,37.617,-97.267,414,42.0,-14.1,24.4,3.6
724506,KS,38.067,-97.867,463,39.0,-22.0,24.0,2.1
724507,KS,37.667,-95.483,298,40.0,-21.7,28.3,2.1
724509,KS,38.050,-97.283,467,39.8,-18.4,26.8,4.1
724510,KS,37.767,-99.967,785,42.2,-21.7,21.7,7.2
724515,KS,37.933,-100.717,878,38.3,-23.0,23.0,4.1
724516,KS,37.033,-100.967,901,41.0,-21.0,27.0,4.1
724517,KS,38.350,-98.867,575,41.0,-20.0,23.3,5.1
724518,KS,38.850,-99.267,609,43.0,-16.7,24.8,2.6
724550,KS,39.050,-96.767,324,39.4,-17.8,26.5,0.1
724555,KS,39.133,-96.667,330,39.1,-20.0,25.0,0.0
724556,KS,38.333,-96.183,368,39.1,-22.0,24.0,2.6
724560,KS,39.067,-95.633,269,38.9,-17.2,27.8,7.2
724565,KS,38.950,-95.667,325,37.0,-23.4,27.0,3.1
724580,KS,39.550,-97.650,448,42.2,-25.6,23.3,2.1
724585,KS,38.883,-98.817,566,42.8,-20.0,25.0,4.1
724586,KS,38.817,-97.667,385,41.0,-17.8,24.4,3.0
724655,KS,39.383,-99.833,667,42.0,-22.8,24.0,2.1
724754,UT,37.083,-113.600,896,44.0,-6.0,18.0,2.1
724815,CA,37.283,-120.517,47,42.0,-2.7,20.0,2.1
724830,CA,38.500,-121.500,5,40.0,-2.0,25.0,0.0
724837,CA,39.133,-121.433,38,41.0,-6.0,25.0,1.6
724838,CA,39.100,-121.567,19,43.0,-2.0,19.0,6.7
724839,CA,38.700,-121.583,7,42.0,-2.0,21.0,1.5
724915,CA,36.600,-121.867,50,38.0,1.0,18.0,2.6
724917,CA,36.667,-121.600,21,37.0,-2.2,19.4,0.0
724920,CA,37.900,-121.233,7,42.2,-2.8,23.9,1.5
724926,CA,37.633,-120.950,30,42.2,-1.7,18.3,1.5
724927,CA,37.700,-121.817,121,39.0,-6.7,18.9,4.6
724930,CA,37.717,-122.217,2,34.0,0.0,18.0,3.7
724935,CA,37.667,-122.117,14,38.0,-1.2,19.4,2.6
724936,CA,38.000,-122.050,7,41.1,0.0,16.1,0.0
724940,CA,37.617,-122.400,2,32.8,2.2,16.7,1.5
724945,CA,37.367,-121.933,16,35.6,0.0,18.0,0.0
724955,CA,38.217,-122.283,10,38.0,-4.4,19.0,0.0
724957,CA,38.517,-122.817,38,38.9,-2.2,30.0,4.1
725020,NJ,40.717,-74.183,3,37.8,-18.3,23.9,5.7
725025,NJ,40.850,-74.067,3,34.4,-16.0,23.3,0.0
725029,CT,41.483,-73.133,222,36.9,-19.0,25.0,2.6
725030,NY,40.783,-73.883,3,36.7,-15.0,25.0,6.7
725033,NY,40.783,-73.967,40,35.0,-15.6,26.7,6.7
725035,NY,40.783,-73.100,26,35.6,-14.4,25.0,6.7
725036,NY,41.633,-73.883,47,34.0,-25.6,26.0,0.4
725037,NY,41.067,-73.717,122,37.2,-17.0,23.9,5.1
725038,NY,41.500,-74.100,177,36.0,-20.0,26.0,5.1
725040,CT,41.183,-73.150,3,32.8,-18.3,24.4,4.6
725045,CT,41.267,-72.883,2,33.0,-17.2,24.0,3.6
725046,CT,41.333,-72.050,3,31.6,-16.2,25.0,4.6
725054,RI,41.917,-71.500,134,36.0,-18.0,23.0,0.0
725058,RI,41.167,-71.583,34,31.3,-8.9,24.0,3.1
725060,MA,41.650,-70.517,40,33.9,-12.0,26.0,9.3
725063,MA,41.250,-70.067,14,28.0,-14.0,24.0,7.7
725064,MA,41.917,-70.733,45,32.0,-25.0,23.0,4.6
725065,MA,41.667,-70.950,25,36.0,-18.0,25.0,2.1
725066,MA,41.400,-70.617,21,31.1,-15.0,25.0,4.1
725067,MA,41.667,-70.283,17,32.0,-19.0,24.0,9.3
725070,RI,41.717,-71.433,16,35.0,-15.6,25.6,6.2
725073,MA,42.067,-70.217,2,34.0,-16.0,23.0,7.2
725075,MA,42.700,-73.167,201,34.0,-17.0,24.0,1.5
725080,CT,41.933,-72.683,49,35.6,-16.7,23.9,3.6
725086,CT,41.367,-73.483,139,34.0,-21.0,26.0,2.6
725087,CT,41.733,-72.650,6,34.0,-18.0,24.0,6.2
725088,MA,42.583,-70.917,34,36.0,-23.0,24.0,6.6
725090,MA,42.367,-71.017,6,37.2,-20.0,23.3,7.2
725095,MA,42.267,-71.883,300,32.2,-23.9,23.9,4.7
725098,MA,42.183,-71.183,15,37.7,-23.7,25.0,1.5
725103,PA,40.367,-75.967,104,35.1,-20.6,24.4,2.5
725115,PA,40.200,-76.767,92,40.6,-30.0,27.0,2.6
725116,PA,40.117,-76.300,126,38.0,-17.0,28.0,0.0
725117,PA,40.133,-80.283,361,33.2,-17.8,24.3,0.0
725118,PA,40.217,-76.850,104,37.2,-15.0,25.6,1.5
725124,PA,40.783,-79.950,380,33.3,-19.0,23.8,3.1
725125,PA,41.183,-78.900,553,35.0,-22.8,22.7,7.1
725126,PA,40.300,-78.317,451,34.4,-16.1,24.4,0.0
725127,PA,40.317,-78.833,695,32.0,-21.0,23.0,5.1
725128,PA,40.720,-77.930,376,33.3,-19.5,23.3,2.1
725130,PA,41.333,-75.733,284,35.0,-17.2,22.8,4.6
725140,PA,41.250,-76.917,158,35.0,-21.1,25.0,5.2
725145,NY,41.700,-74.800,428,31.0,-22.0,22.2,0.0
725150,NY,42.200,-75.983,488,33.9,-21.7,25.0,7.2
725156,NY,42.167,-76.900,291,32.0,-21.0,23.0,1.5
725165,VT,43.517,-72.950,246,34.0,-24.5,24.0,1.5
725170,PA,40.650,-75.450,119,35.0,-16.7,25.0,2.1
725180,NY,42.750,-73.800,84,35.6,-19.4,24.4,9.1
725185,NY,43.350,-73.617,98,32.2,-33.4,24.4,0.8
725190,NY,43.117,-76.100,125,36.1,-21.7,23.9,2.8
725197,NY,43.150,-75.383,217,32.2,-22.8,23.3,5.7
725200,PA,40.500,-80.233,350,32.8,-18.9,23.3,3.6
725205,PA,40.350,-79.917,380,32.7,-16.7,23.0,2.6
725210,OH,40.917,-81.433,368,35.6,-20.0,25.0,10.5
725235,NY,42.150,-79.267,525,32.8,-23.4,24.4,5.8
725240,OH,41.400,-81.850,235,35.6,-20.6,26.1,8.2
725245,OH,41.517,-81.683,182,38.2,-17.0,28.0,5.1
725246,OH,40.817,-82.517,395,33.9,-30.0,25.3,2.1
725250,OH,41.250,-80.667,360,32.8,-20.0,25.6,4.1
725260,PA,42.083,-80.183,222,32.8,-13.3,23.9,10.8
725266,PA,41.800,-78.633,645,31.1,-23.9,22.2,2.4
725267,PA,41.383,-79.867,470,32.2,-24.5,24.0,1.5
725280,NY,42.933,-78.733,215,31.7,-18.9,23.3,3.6
725287,NY,43.100,-78.950,180,34.0,-21.2,24.0,4.6
725290,NY,43.117,-77.683,183,35.0,-21.1,25.6,4.1
725300,IL,41.983,-87.917,201,35.0,-22.8,25.6,7.2
725305,IL,41.917,-88.250,231,34.9,-21.0,26.0,2.1
725314,IL,38.567,-90.150,126,39.0,-15.0,28.0,2.1
725315,IL,40.060,-88.370,213,37.7,-27.4,26.6,3.6
725316,IL,39.833,-88.867,213,36.6,-18.4,27.2,2.5
725320,IL,40.667,-89.683,199,34.4,-23.9,26.1,5.7
725326,IL,41.750,-89.667,197,35.0,-29.5,27.0,1.5
725330,IN,41.000,-85.200,241,35.0,-23.3,25.6,4.9
725335,IN,40.650,-86.150,253,35.0,-23.9,25.0,3.5
725336,IN,40.233,-85.400,293,36.0,-20.0,29.0,2.1
725340,IL,41.783,-87.750,186,40.0,-27.3,24.4,3.7
725347,IL,42.417,-87.867,222,34.1,-19.0,28.0,3.1
725350,IN,41.700,-86.333,236,37.2,-22.2,26.7,6.9
725360,OH,41.583,-83.800,204,33.3,-22.8,24.4,4.1
725366,OH,41.017,-83.667,244,33.0,-17.2,27.0,2.1
725370,MI,42.217,-83.350,194,35.0,-19.4,26.7,4.1
725374,MI,42.217,-83.750,256,33.0,-21.0,28.5,5.7
725375,MI,42.400,-83.000,190,36.1,-18.9,27.0,2.1
725376,MI,42.233,-83.533,218,36.0,-21.0,24.0,2.5
725377,MI,42.617,-82.833,177,36.1,-12.0,24.4,4.1
725378,MI,42.633,-83.983,293,35.0,-21.0,25.2,3.6
725384,MI,42.917,-82.533,198,36.6,-21.0,27.9,0.0
725390,MI,42.783,-84.583,256,35.6,-27.2,24.4,4.8
725395,MI,42.267,-84.467,304,33.9,-18.9,25.6,0.0
725396,MI,42.300,-85.250,283,33.0,-16.7,24.3,2.5
725430,IL,42.200,-89.100,223,36.1,-29.4,25.6,8.2
725440,IL,41.467,-90.517,180,36.1,-27.2,27.2,8.8
725450,IA,41.883,-91.717,256,34.0,-30.0,26.1,2.1
725453,IA,41.400,-95.050,360,37.0,-23.0,29.0,1.5
725454,IA,41.283,-91.667,230,35.0,-20.0,28.0,3.6
725455,IA,40.783,-91.117,211,37.8,-28.4,27.8,2.0
725456,IA,40.467,-91.433,205,36.5,-19.5,28.0,0.5
725457,IA,43.083,-94.267,372,35.5,-30.0,28.0,9.3
725460,IA,41.533,-93.667,292,36.1,-23.3,26.0,6.7
725463,IA,43.067,-92.617,343,37.0,-35.0,28.0,1.5
725464,IA,41.683,-93.017,290,36.0,-32.3,26.7,3.6
725465,IA,41.100,-92.450,257,36.7,-25.6,26.7,2.1
725467,IA,40.750,-95.417,296,39.0,-25.0,28.0,2.6
725468,IA,42.050,-94.783,375,59.2,-26.0,27.0,4.9
725469,IA,41.033,-93.367,320,37.0,-22.0,28.0,4.1
725470,IA,42.400,-90.700,322,32.8,-31.1,26.1,2.1
725473,IA,41.833,-90.333,216,34.3,-25.0,28.3,3.1
725474,IA,41.017,-94.367,394,36.0,-23.0,28.1,3.6
725475,IA,42.233,-91.167,259,34.0,-33.9,27.3,5.1
725476,IA,43.283,-91.733,353,34.0,-21.0,27.0,2.6
725477,IA,41.983,-95.383,388,36.0,-23.0,28.0,0.0
725478,IA,42.433,-93.867,342,56.0,-24.0,28.0,4.5
725479,IA,40.717,-95.033,303,38.0,-25.0,28.0,2.9
725480,IA,42.550,-92.400,264,36.1,-31.1,26.7,1.0
725483,IA,40.667,-91.333,221,37.0,-18.0,28.0,2.6
725484,IA,42.783,-96.200,365,56.3,-24.0,36.0,1.3
725485,IA,43.150,-93.333,364,35.0,-30.0,26.7,7.7
725486,IA,42.050,-93.850,354,37.0,-21.0,28.0,3.6
725487,IA,41.367,-91.150,167,42.0,-22.0,33.0,1.5
725488,IA,42.683,-91.967,328,35.0,-22.0,27.1,5.7
725489,IA,42.983,-96.067,431,36.0,-27.0,28.0,0.0
725490,IA,42.550,-94.183,355,34.0,-28.0,26.0,6.0
725493,IA,41.300,-93.117,283,35.0,-21.0,27.2,3.1
725494,IA,41.017,-95.267,318,37.0,-25.0,28.0,3.1
725495,IA,43.217,-95.833,432,34.4,-26.0,29.0,0.9
725496,IA,42.600,-95.233,454,34.0,-23.0,27.0,0.8
725497,IA,41.267,-95.767,382,36.0,-22.0,30.0,2.1
725500,NE,41.317,-95.900,299,38.9,-23.9,25.6,2.0
725510,NE,40.833,-96.767,357,38.9,-23.3,25.0,2.6
725515,NE,40.300,-96.750,403,40.0,-22.0,25.8,6.2
725520,NE,40.967,-98.317,561,39.4,-25.6,25.6,7.2
725524,NE,41.617,-98.950,631,37.0,-25.6,25.5,4.0
725525,NE,40.600,-98.433,596,39.0,-22.0,26.0,3.6
725526,NE,40.733,-99.000,649,38.8,-27.3,25.9,3.8
725527,NE,41.767,-96.167,312,38.0,-26.0,27.0,5.1
725530,NE,41.367,-96.017,399,37.2,-22.2,26.1,9.8
725533,NE,40.083,-95.600,300,38.0,-23.9,26.0,3.9
725540,NE,41.117,-95.917,319,35.6,-23.0,27.2,3.1
725555,NE,41.433,-99.650,776,37.2,-28.9,25.0,4.1
725556,NE,42.583,-100.000,789,38.0,-29.5,24.5,3.6
725560,NE,41.983,-97.433,472,39.4,-28.9,24.3,8.2
725564,NE,41.450,-96.517,379,36.0,-25.0,26.0,2.6
725565,NE,41.450,-97.333,451,37.0,-28.0,25.0,3.6
725566,NE,42.467,-98.683,619,40.0,-28.9,26.0,2.1
725570,IA,42.383,-96.383,333,38.9,-27.2,23.9,10.3
725620,NE,41.117,-100.667,847,38.3,-25.0,22.2,6.2
725625,NE,40.200,-100.583,786,40.6,-22.0,24.0,5.1
725626,NE,40.517,-101.617,998,40.0,-20.0,25.0,2.6
725628,NE,40.450,-99.333,704,38.3,-24.0,26.8,3.1
725670,NE,42.867,-100.550,789,41.7,-25.0,22.2,2.6
725905,CA,39.133,-123.200,189,41.0,-4.0,17.0,1.4
725910,CA,40.150,-122.250,106,45.0,-1.7,20.0,5.1
725920,CA,40.517,-122.317,153,41.7,-2.8,19.0,4.1
725945,CA,40.983,-124.100,62,26.1,-3.3,17.2,4.1
725946,CA,41.783,-124.233,17,21.0,1.0,16.0,1.5
725955,CA,41.783,-122.467,803,38.0,-11.0,15.0,3.6
725970,OR,42.190,-122.700,595,38.9,-9.4,18.3,2.1
726050,NH,43.200,-71.500,106,33.3,-23.3,23.9,2.1
726055,NH,43.083,-70.817,31,35.6,-23.4,26.1,1.5
726060,ME,43.650,-70.300,14,34.4,-23.9,24.4,4.6
726064,ME,43.400,-70.717,74,35.1,-31.7,22.0,1.4
726073,ME,44.533,-69.683,101,37.0,-24.5,22.7,1.2
726077,ME,44.450,-68.367,26,28.8,-25.6,20.0,4.4
726079,ME,44.067,-69.100,17,31.4,-21.7,21.6,0.0
726083,ME,47.283,-68.317,309,31.0,-26.0,22.0,5.7
726088,ME,44.800,-68.817,56,35.0,-28.9,23.3,0.0
726115,VT,43.350,-72.517,176,32.0,-26.0,24.0,2.6
726116,NH,43.633,-72.300,182,34.0,-28.0,24.0,2.7
726145,VT,44.200,-72.567,343,32.8,-27.3,21.0,0.0
726155,NH,43.567,-71.417,166,34.4,-22.8,23.3,4.1
726160,NH,44.583,-71.183,353,32.0,-27.0,22.0,0.0
726165,NH,42.900,-72.267,153,36.8,-25.1,22.0,2.6
726170,VT,44.467,-73.150,101,37.2,-27.8,23.9,1.0
726184,ME,44.050,-70.283,88,33.8,-27.8,23.0,0.0
726185,ME,44.317,-69.800,107,34.1,-26.7,22.8,6.2
726196,ME,45.650,-68.683,124,35.4,-27.0,26.0,2.1
726223,NY,44.933,-74.850,65,34.4,-31.1,25.6,5.2
726227,NY,44.000,-76.017,97,32.0,-28.0,23.3,2.6
726228,NY,44.383,-74.200,520,32.7,-33.2,23.3,3.1
726350,MI,42.883,-85.517,242,33.9,-26.1,23.9,5.2
726355,MI,42.133,-86.433,196,38.3,-20.0,26.1,0.0
726357,MI,42.233,-85.550,273,35.0,-22.3,24.0,2.6
726360,MI,43.167,-86.233,190,32.8,-18.9,25.0,6.7
726370,MI,42.967,-83.750,234,33.9,-22.8,24.4,6.2
726375,MI,42.667,-83.417,306,36.0,-19.0,25.0,5.1
726379,MI,43.533,-84.083,201,32.7,-23.0,26.1,3.1
726380,MI,44.367,-84.683,351,31.1,-28.9,23.9,4.4
726384,MI,44.283,-85.417,396,39.5,-28.0,25.2,5.3
726385,MI,44.267,-86.250,189,34.0,-19.0,26.0,2.0
726387,MI,44.733,-85.583,188,34.4,-23.3,25.0,3.4
726390,MI,45.067,-83.583,210,32.8,-23.9,23.3,5.5
726395,MI,44.450,-83.400,188,37.0,-24.0,25.0,6.4
726400,WI,42.950,-87.900,205,36.7,-24.4,25.6,9.3
726404,WI,45.933,-89.733,496,34.9,-31.0,26.8,5.0
726410,WI,43.130,-89.330,262,34.4,-33.3,26.1,7.2
726415,WI,42.617,-89.033,246,31.0,-21.0,24.0,2.7
726416,WI,43.200,-90.183,219,35.0,-26.0,26.0,1.5
726430,WI,43.867,-91.250,198,35.6,-32.8,27.8,7.2
726435,WI,44.867,-91.483,271,38.3,-32.2,26.7,5.2
726440,MN,43.900,-92.500,398,33.9,-36.7,25.6,2.6
726450,WI,44.483,-88.133,209,34.4,-27.2,26.7,7.7
726455,WI,44.133,-87.683,198,33.8,-28.4,26.9,5.9
726456,WI,43.983,-88.550,253,33.8,-28.0,26.0,3.1
726457,WI,44.250,-88.517,280,33.3,-21.0,27.2,4.8
726458,WI,44.850,-87.417,221,32.0,-21.0,24.0,7.5
726463,WI,44.917,-89.633,366,35.0,-25.6,26.7,1.5
726464,WI,43.167,-88.717,254,34.2,-20.3,28.0,7.2
726465,WI,44.783,-89.667,389,32.0,-34.5,24.0,2.8
726467,WI,45.483,-91.717,347,33.0,-30.0,27.0,3.0
726468,WI,45.700,-90.400,449,31.0,-33.0,22.1,0.0
726480,MI,45.750,-87.033,187,30.8,-37.8,22.8,3.6
726487,MI,45.133,-87.633,191,35.8,-28.0,23.0,3.3
726498,IA,41.050,-91.983,244,37.2,-23.0,29.0,4.4
726499,IA,43.400,-94.750,401,38.3,-27.0,25.0,6.2
726500,IA,43.167,-95.150,408,37.0,-30.0,26.0,6.2
726510,SD,43.583,-96.750,433,35.6,-30.0,25.6,0.0
726515,SD,44.300,-96.817,502,34.2,-26.0,24.0,6.2
726525,SD,42.917,-97.383,408,39.0,-30.6,26.0,4.1
726540,SD,44.400,-98.217,390,40.6,-31.7,25.0,3.1
726544,MN,48.017,-92.867,397,34.0,-41.7,23.8,0.0
726545,SD,43.767,-98.033,397,43.0,-33.4,26.0,4.1
726546,SD,44.933,-97.150,532,35.6,-37.3,24.0,4.6
726547,MN,45.650,-95.317,425,40.7,-30.2,27.0,6.5
726550,MN,45.550,-94.050,311,34.4,-33.9,24.4,3.1
726555,MN,46.400,-94.133,374,34.4,-43.9,24.0,0.0
726556,MN,44.550,-95.083,312,36.1,-29.0,26.0,7.7
726557,MN,45.883,-95.400,433,35.0,-38.4,26.1,2.6
726558,MN,46.700,-92.500,390,32.0,-32.0,28.7,3.1
726559,MN,44.450,-95.817,359,34.0,-30.4,25.5,2.6
726560,MN,46.283,-96.150,361,38.3,-28.4,29.2,11.8
726563,MN,44.333,-93.317,322,33.8,-29.0,27.6,2.6
726564,MN,44.583,-92.483,239,35.0,-46.0,27.0,1.5
726565,MN,45.567,-95.967,344,33.0,-27.8,27.0,3.1
726566,MN,43.983,-96.317,529,34.9,-36.2,27.0,6.2
726567,MN,44.317,-94.500,308,39.4,-25.0,27.7,3.6
726568,MN,44.117,-93.250,350,34.0,-36.7,26.0,3.1
726569,MN,44.867,-94.383,323,37.5,-30.0,28.2,3.6
726574,WI,44.633,-90.183,389,33.0,-26.0,22.0,0.0
726575,MN,45.067,-93.350,265,34.0,-28.0,25.0,3.8
726576,MN,45.117,-95.083,345,35.0,-32.2,27.1,4.6
726578,MN,45.950,-94.350,342,36.1,-34.2,26.8,4.1
726579,MN,44.817,-93.450,283,36.0,-27.0,27.0,5.1
726580,MN,44.883,-93.233,254,37.2,-31.1,25.6,2.6
726583,MN,45.100,-94.500,347,34.4,-37.3,26.1,4.0
726584,MN,44.933,-93.050,220,36.0,-33.4,26.0,5.1
726585,MN,44.217,-93.917,311,35.6,-26.8,30.4,1.5
726586,MN,43.650,-94.417,354,34.0,-24.0,26.0,3.1
726587,MN,43.650,-95.583,480,34.0,-31.2,24.0,1.5
726588,MN,44.083,-91.700,200,56.0,-31.0,27.9,1.7
726589,MN,43.683,-93.367,383,34.4,-23.4,27.8,3.1
726590,SD,45.450,-98.417,398,38.3,-37.0,25.6,3.1
726603,MN,44.850,-93.150,250,35.0,-29.0,27.0,1.5
726620,SD,44.050,-103.050,963,38.3,-27.8,20.6,4.1
726625,SD,44.150,-103.100,980,40.0,-26.0,20.0,1.0
726626,WI,45.150,-87.150,464,41.4,-31.0,29.0,5.7
726676,MT,47.133,-104.800,749,40.0,-32.8,21.9,9.7
726685,SD,45.533,-100.433,508,39.0,-30.4,26.0,4.7
726686,SD,44.383,-100.283,528,40.6,-34.4,23.3,3.1
726810,ID,43.620,-116.210,701,38.3,-16.1,16.7,0.0
726813,ID,43.633,-116.633,740,37.7,-16.0,17.2,7.7
726815,ID,43.050,-115.867,912,40.0,-21.1,16.0,3.6
726835,OR,44.250,-121.167,933,38.0,-18.3,16.7,0.0
726880,OR,45.700,-118.833,452,37.2,-12.2,14.4,2.1
726884,OR,45.283,-118.000,827,37.0,-12.8,17.9,6.0
726904,OR,43.233,-123.350,160,37.0,-2.3,19.0,0.0
726917,OR,43.417,-124.250,2,26.7,-2.8,15.6,3.6
726930,OR,44.050,-123.070,109,42.2,-6.7,18.3,7.7
726940,OR,44.900,-123.000,60,38.9,-10.6,16.7,2.6
726945,OR,44.483,-123.283,77,36.0,-4.0,20.2,0.0
726959,OR,45.250,-122.767,60,36.0,-3.0,19.0,0.0
726980,OR,45.600,-122.617,6,37.8,-4.4,20.0,3.1
726985,OR,45.550,-122.400,11,41.0,-3.0,18.0,11.8
726986,OR,45.533,-122.950,62,45.6,-4.0,24.0,2.1
726988,WA,45.617,-121.150,73,40.6,-5.7,18.0,2.1
727033,ME,46.117,-67.800,150,32.8,-31.1,21.7,2.6
727120,ME,46.867,-68.033,190,32.8,-31.1,22.2,5.4
727130,ME,46.683,-68.050,163,33.1,-32.3,22.0,0.0
727135,ME,43.967,-69.717,21,35.0,-24.5,24.0,2.6
727340,MI,46.467,-84.350,219,32.8,-26.7,22.8,5.9
727344,MI,46.250,-84.467,250,29.4,-35.4,27.3,4.1
727347,MI,45.567,-84.783,218,35.5,-23.2,25.0,1.5
727415,WI,45.633,-89.467,507,37.7,-31.0,26.6,0.0
727437,MI,45.817,-88.117,360,33.0,-28.8,24.4,3.6
727440,MI,47.167,-88.500,327,36.6,-23.0,23.3,0.0
727444,MN,47.050,-91.750,328,36.8,-28.0,24.9,1.8
727445,MI,46.533,-90.133,375,34.0,-29.0,23.0,3.6
727450,MN,46.833,-92.217,433,32.8,-30.6,23.3,5.2
727452,MN,47.850,-96.617,273,35.0,-28.9,23.9,2.6
727453,MN,46.900,-95.067,437,33.8,-33.0,25.0,2.1
727455,MN,47.383,-92.850,411,33.3,-41.0,25.0,4.2
727457,MN,46.833,-95.883,426,34.4,-29.0,23.0,4.1
727458,MN,47.217,-93.517,413,33.8,-33.0,22.0,1.5
727459,MN,47.817,-91.833,455,32.2,-43.4,29.0,1.5
727470,MN,48.567,-93.400,359,35.0,-35.6,23.9,7.2
727473,MN,46.267,-92.567,350,34.1,-36.2,25.6,4.1
727474,MN,47.400,-92.500,421,37.1,-34.0,26.1,0.4
727475,MN,45.883,-93.267,309,34.0,-32.8,25.5,2.1
727476,MN,48.717,-94.600,330,31.0,-30.0,21.0,4.1
727477,MN,48.850,-95.700,323,31.9,-32.8,24.3,2.1
727478,MN,48.783,-96.950,250,34.8,-32.3,26.0,5.1
727503,MN,45.567,-93.267,287,34.0,-34.5,26.0,3.1
727504,MN,46.550,-93.683,367,32.0,-40.6,26.0,0.0
727505,MN,47.583,-95.767,388,32.0,-32.3,23.7,7.0
727507,MN,45.317,-95.650,317,38.0,-37.7,28.0,6.2
727530,ND,46.933,-96.817,274,33.3,-32.2,22.8,0.0
727533,MN,45.700,-96.500,313,38.7,-28.4,33.5,4.6
727535,ND,46.917,-98.683,455,36.1,-33.9,27.5,5.7
727550,MN,47.500,-94.933,420,32.9,-33.0,21.0,1.7
727555,MN,48.067,-96.183,340,33.0,-31.0,24.0,1.7
727556,MN,47.200,-91.400,331,30.0,-32.3,22.0,2.3
727566,MN,43.667,-92.933,375,34.0,-26.0,27.2,5.9
727573,ND,48.117,-98.917,443,33.0,-32.0,22.0,2.9
727575,ND,47.967,-97.400,276,35.0,-26.7,25.0,9.3
727576,ND,47.950,-97.183,256,35.6,-32.0,25.0,3.1
727640,ND,46.770,-100.770,502,37.8,-31.1,22.2,2.6
727645,ND,46.800,-102.800,788,39.4,-33.9,23.9,7.7
727670,ND,48.200,-103.650,580,40.0,-32.8,23.3,5.2
727675,ND,48.417,-101.350,497,36.7,-31.0,24.4,6.7
727676,ND,48.267,-101.283,523,40.6,-28.8,22.2,4.6
727680,MT,48.217,-106.617,699,37.2,-32.8,18.3,3.1
727686,MT,48.310,-105.100,634,35.0,-33.0,20.0,1.5
727687,MT,47.700,-104.200,605,38.0,-37.3,23.2,0.0
727730,MT,46.917,-114.100,973,36.1,-15.0,15.6,5.7
727770,MT,48.550,-109.767,788,38.9,-34.5,26.1,7.2
727790,MT,48.317,-114.250,906,33.9,-22.2,15.7,4.1
727810,WA,46.567,-120.550,324,37.8,-19.4,17.2,3.4
727825,WA,47.400,-120.200,379,37.2,-11.1,16.7,2.1
727826,WA,47.300,-119.517,384,41.1,-23.9,15.0,2.1
727827,WA,47.200,-119.317,364,41.0,-10.0,18.0,3.4
727830,ID,46.367,-117.017,438,40.0,-10.6,18.9,0.0
727834,ID,47.767,-116.817,707,38.0,-19.4,19.0,0.0
727840,WA,46.567,-119.600,223,40.0,-26.1,16.0,2.3
727845,WA,46.267,-119.117,136,39.0,-10.0,21.0,2.1
727846,WA,46.100,-118.283,355,41.0,-5.0,17.0,3.1
727850,WA,47.490,-117.589,777,36.1,-16.7,15.0,2.2
727855,WA,47.633,-117.650,743,38.0,-19.0,17.0,6.2
727856,WA,47.683,-117.317,610,38.0,-11.0,26.0,0.0
727857,WA,46.750,-117.117,778,37.0,-16.0,22.7,4.6
727885,WA,48.117,-123.500,91,30.0,-6.0,19.0,3.1
727910,OR,46.150,-123.883,3,35.0,-4.4,21.1,2.8
727920,WA,46.967,-122.900,63,35.6,-8.9,17.8,6.2
727923,WA,46.983,-123.933,4,31.0,-6.7,18.9,0.0
727924,WA,46.133,-122.900,5,34.0,-6.2,18.2,5.1
727926,WA,46.483,-122.800,113,35.0,-11.2,20.0,3.6
727928,WA,47.483,-122.750,137,32.9,-7.0,18.8,1.5
727930,WA,47.467,-122.317,122,31.8,-5.6,16.4,2.6
727934,WA,47.483,-122.217,10,32.0,-4.0,18.0,3.6
727935,WA,47.680,-122.250,20,32.0,-7.0,19.0,7.2
727937,WA,47.900,-122.283,189,29.0,-2.0,17.0,5.1
727938,WA,47.267,-122.583,91,33.0,0.0,17.0,8.2
727970,WA,47.933,-124.567,55,32.8,-4.4,17.2,2.1
727976,WA,48.800,-122.533,45,28.0,-7.0,18.0,7.7
742060,WA,47.150,-122.483,88,36.7,-11.7,20.0,2.5
742070,WA,47.083,-122.583,90,36.1,-15.0,16.6,3.9
742300,MT,46.433,-105.883,801,40.6,-28.9,20.0,4.4
743700,NY,44.050,-75.717,211,34.4,-23.9,23.9,2.6
743920,ME,43.900,-69.933,21,33.0,-25.6,23.0,4.6
743945,NH,42.933,-71.433,69,37.2,-23.4,23.3,3.6
744655,IL,41.767,-88.467,215,38.0,-25.0,25.0,2.4
744860,NY,40.650,-73.800,5,36.7,-13.9,25.0,9.3
744864,NY,40.717,-73.417,26,37.0,-12.6,24.0,6.2
744865,NY,40.850,-72.633,20,33.0,-16.4,24.0,0.0
744904,MA,42.717,-71.117,46,33.0,-21.0,24.0,5.8
744910,MA,42.200,-72.533,75,38.3,-22.0,25.6,7.3
744915,MA,42.150,-72.717,83,34.0,-29.5,25.5,4.2
745090,CA,37.400,-122.050,12,36.0,1.0,19.0,2.3
745160,CA,38.267,-121.933,18,41.0,-4.0,17.0,3.1
745700,OH,39.833,-84.050,250,36.1,-21.2,24.4,3.1
745940,MD,38.817,-76.867,86,37.8,-18.9,28.9,2.1
745966,NJ,39.000,-74.917,7,36.0,-7.7,28.5,3.6
745980,VA,37.083,-76.350,3,36.7,-13.4,26.1,2.4
745985,VA,36.633,-80.017,287,37.2,-22.8,26.0,0.0
746120,CA,35.683,-117.683,677,46.1,-9.4,14.6,5.2
746710,KY,36.667,-87.483,173,36.7,-22.3,26.1,3.1
746716,KY,36.983,-86.433,161,36.1,-23.4,26.0,1.5
746930,NC,35.133,-78.933,93,37.8,-15.6,26.7,1.0
746943,NC,36.300,-76.250,4,35.6,-9.0,27.2,4.4
747020,CA,36.333,-119.950,73,42.0,-4.0,26.0,3.1
747185,CA,32.833,-115.583,-17,46.0,1.0,30.0,6.2
747187,CA,33.633,-116.167,-34,48.0,-3.0,27.0,0.0
747188,CA,33.617,-114.717,119,47.0,1.1,26.2,3.1
747540,LA,31.317,-92.550,27,36.1,-7.0,27.0,0.0
747685,MS,30.400,-89.067,9,38.0,-4.1,27.0,0.5
747686,MS,30.417,-88.917,8,36.7,-17.3,27.2,0.0
747750,FL,30.067,-85.583,7,33.9,-9.5,26.1,3.6
747770,FL,30.417,-86.683,12,36.1,-9.5,28.8,0.0
747804,GA,32.000,-81.150,13,36.7,-8.4,27.2,2.6
747810,GA,30.967,-83.200,71,36.1,-24.4,29.4,1.0
747880,FL,27.850,-82.517,8,36.4,-3.4,28.0,2.1
747900,SC,33.967,-80.467,74,36.1,-11.7,25.6,0.5
747910,SC,33.683,-78.933,8,35.0,-7.2,28.0,8.7
747915,SC,33.817,-78.717,10,35.0,-7.0,27.5,1.5
747946,FL,28.617,-80.717,3,35.0,-2.0,27.0,3.9
